date,brent_price,wti_price,GPR_index,USD/INR_rate,LPG_price,petrol_price,diesel_price,brent_lag1,brent_lag3,brent_lag6,wti_lag1,wti_lag3,GPR_lag1,GPR_lag3,usd_rate_lag1,usd_rate_lag3,lpg_price_lag1,lpg_price_lag3,petrol_price_lag1,petrol_price_lag3,diesel_price_lag1,diesel_price_lag3,brent_roll3,GPR_roll3,usd_rate_roll3,brent_roll6,GPR_roll6,brent_pct_change,wti_pct_change,GPR_pct_change,usd_pct_change,lpg_pct_change,petrol_pct_change,diesel_pct_change,conflict_event,risk_level,crude_inr_impact,conflict_crude_index,brent_wti_spread,inr_gpr_stress,crude_lpg_impact,lpg_momentum,conflict_intensity,GPR_outlier,brent_outlier,lpg_price_outlier,petrol_price_outlier,diesel_price_outlier,usd_outliers
2010/07/01,0.5342299430279256,0.608098484077729,0.08045138755613554,0.050718095850543654,0.0,0.0,0.04268719384184738,0.5265714018866163,0.6205286261324366,0.539740356775941,0.598127988605148,0.689185064604741,0.14597167312785478,0.11645491881932987,0.04715084278403048,0.003126776577600854,0.0,0.0,0.0,0.0,0.041287613715885185,0.002799160251924393,0.5145385587863465,0.11780224822206925,0.03570467390329246,0.5261892501639258,0.12142528158104093,0.42641814111557275,0.38514683463708266,0.1446867508525509,0.4241293022111007,0.48348061847590906,0.46300831505026996,0.2859946100459435,0,0,0.2608359567114621,0.1308071275401814,0.008483563096500533,0.03182709207120166,0.8470721654513085,0.6346666666666666,0.3285563134128139,0,0,0.0,0.0,0.0,0.0
2010/08/01,0.547865882133184,0.6109471970698951,0.0866310981460868,0.04450998821036667,0.005773672055427226,0.0017917935853788425,0.0,0.5342299430279256,0.5376856262258336,0.5171383207247595,0.608098484077729,0.5818496286499134,0.08045138755613554,0.11722258473112498,0.052803021361973124,0.03209865745397278,0.00574052812858783,0.005675368898978406,0.0014313830738952316,0.009263938015832918,0.04268719384184738,0.01084674597620705,0.5183659924146651,0.10256595549437947,0.04062805708988548,0.5329599156352607,0.12178872001004903,0.4345692246561246,0.3770896727009826,0.24875757588547118,0.29997538663494283,0.48305227060876504,0.46406907085327076,0.09872987021971766,0,0,0.26634379199077274,0.1374492628124029,0.05019441498762814,0.0338907324707127,0.8465478135746165,0.6346666666666666,0.33467795265176564,0,0,0.0,0.0,0.0,0.0
2010/09/01,0.5553376295881199,0.5971105911079458,0.04893870187694313,0.03239881938776357,0.011547344110854507,0.005733739473212651,0.0017494751574526068,0.547865882133184,0.5265714018866163,0.5645839170636032,0.6109471970698951,0.598127988605148,0.0866310981460868,0.14597167312785478,0.046339710095168685,0.04804521799973749,0.01148105625717566,0.011350737797956867,0.0032206119162639935,0.05861546235472459,0.0,0.041287613715885185,0.5291824694479561,0.05423663684331276,0.03617458466296719,0.5309224182747461,0.11767114684084912,0.42584798507440824,0.3586062550632262,0.17408973309248066,0.23632932682446572,0.4826312241257201,0.4704336056712758,0.287925433727779,0,0,0.26529637984817356,0.11808178964753743,0.12654648285613293,0.01369746383054632,0.8292076189547106,0.6346666666666666,0.309549001454834,0,0,0.0,0.0,0.0,0.0
2010/10/01,0.6004483048472962,0.6647675246718893,0.029056154761447767,0.0010923960987031522,0.017321016166281733,0.018276294570865326,0.00017494751574520517,0.5553376295881199,0.5342299430279256,0.6205286261324366,0.5971105911079458,0.608098484077729,0.04893870187694313,0.08045138755613554,0.03373067390534634,0.0538046092622555,0.01722158438576349,0.017026106696935273,0.007156915369475825,0.0599629442479368,0.0017494751574526068,0.04268719384184738,0.5540802781289507,0.02863844918559305,0.01903352172482886,0.5264979618852161,0.08589121969601798,0.47628922141482655,0.4501769918375834,0.19965940169497248,0.026459367436518,0.4822223466161735,0.4957874083069352,0.2729599778615656,0,0,0.2770286448595777,0.11574307590687444,0.062212796041003895,0.0,0.8447186791210402,0.6346666666666666,0.30127345211328815,0,0,0.0,0.0,0.0,1.0
2010/11/01,0.624824880919025,0.6887781056058602,0.1392929796952366,0.012995391325138272,0.023094688221709014,0.023830854685540137,0.00017494751574520517,0.6004483048472962,0.547865882133184,0.5376856262258336,0.6647675246718893,0.6109471970698951,0.029056154761447767,0.0866310981460868,0.0011373024473460003,0.047218699435868317,0.02296211251435132,0.022701475595913734,0.019681517266058268,0.061647296614451785,0.00017494751574520517,0.0,0.5830172777075433,0.05486751548520308,0.008146543806362594,0.5456998309494614,0.0939161746849223,0.44653273857466846,0.39878767277517857,0.46766426376743087,0.4995590105427248,0.4818256380801254,0.4749432669539788,0.2800386164736367,0,0,0.297195349404049,0.18831517932630204,0.07104984093319194,0.053863041578907866,0.8809599297612372,0.6346666666666666,0.38035407259054926,0,0,0.0,0.0,0.0,0.0
2010/12/01,0.6824507331652191,0.7386305829687659,0.1488504202970867,0.016468386469128515,0.02886836027713624,0.08296004300304582,0.00017494751574520517,0.624824880919025,0.5553376295881199,0.5265714018866163,0.6887781056058602,0.5971105911079458,0.1392929796952366,0.04893870187694313,0.013529607416070233,0.034370490226089956,0.028702640642939148,0.02837684449489214,0.02522812667740204,0.06535287182078497,0.00017494751574520517,0.0017494751574526068,0.6308122629582806,0.10463064923147514,0.0026443160021701884,0.580048331907085,0.09496294435372443,0.48634505570248787,0.4241014310327127,0.25192773575986765,0.404489888009189,0.4814362309281763,0.6302077748183528,0.2800386164736367,0,0,0.3329592849204964,0.2107962312602533,0.11594202898550725,0.05906309104140861,0.9548813501451114,0.6346666666666666,0.3927673966028681,0,0,0.0,1.0,0.0,0.0
2011/01/01,0.729802932660876,0.7388340624682063,0.0806049207384946,0.022136479434097578,0.04041570438799075,0.12918831750582316,0.00017494751574520517,0.6824507331652191,0.6004483048472962,0.5342299430279256,0.7386305829687659,0.6647675246718893,0.1488504202970867,0.029056154761447767,0.01714537085716128,0.001158875235054757,0.03444316877152698,0.0340522133938706,0.08427267847557707,0.07714333838639043,0.00017494751574520517,0.00017494751574520517,0.6794490096923724,0.13030511585225962,0.009912981071140248,0.6231444881991859,0.09501905120797216,0.4698359141680847,0.3741175211997657,0.1415535207819833,0.4285699634901752,0.5112234442575831,0.5853111405443474,0.2800386164736367,0,0,0.36414797842270363,0.17693028318700682,0.2944503358077059,0.027437903276485237,1.0,0.6435557333333333,0.3497080884992537,0,0,0.0,0.0,0.0,0.0
2011/02/01,0.7970486597553003,0.7328314172347136,0.1212528307680498,0.022229230046251658,0.08660508083140878,0.12918831750582316,0.00017494751574520517,0.729802932660876,0.624824880919025,0.547865882133184,0.7388340624682063,0.6887781056058602,0.0806049207384946,0.1392929796952366,0.023046468461315528,0.013786242183058461,0.04592422502870264,0.039727582292849006,0.13043478260869568,0.08236483072258727,0.00017494751574520517,0.00017494751574520517,0.7442056468605143,0.12132025693966503,0.01310196636293337,0.6780544246416165,0.1076079219528534,0.48853781335395263,0.36821549263087605,0.30840448475537696,0.36704680641588383,0.6863836487936896,0.45874500415897423,0.2800386164736367,1,0,0.4041319201563579,0.22316804909527102,0.5698126546482857,0.04693626432436046,0.9740140965295223,0.7057776,0.38314092996013377,0,0,0.0,0.0,0.0,0.0
2011/03/01,0.8990380125151769,0.8781157798351816,0.30119372049284154,0.012640877874238399,0.17898383371824472,0.12417129546676209,0.00017494751574520517,0.7970486597553003,0.6824507331652191,0.5553376295881199,0.7328314172347136,0.7386305829687659,0.1212528307680498,0.1488504202970867,0.02314303187665634,0.01747059080771407,0.09184845005740527,0.04540295119182747,0.13043478260869568,0.13794845881758466,0.00017494751574520517,0.00017494751574520517,0.8256426464391065,0.1971977517779307,0.011779808361848443,0.753791288649164,0.19933341707490682,0.518497365469046,0.5130071530067044,0.5128315241246582,0.26090166960659644,0.8803230132325419,0.4455840967780267,0.2800386164736367,1,1,0.458176072005014,0.399159303280345,0.4510427712972782,0.13060532776001765,0.8852522986122968,0.8391109333333333,0.5145105522701079,0,0,1.0,0.0,0.0,0.0
2011/04/01,0.9795460913421126,0.9459761928985654,0.12512954362261544,0.0,0.17898383371824472,0.12417129546676209,0.00017494751574520517,0.8990380125151769,0.729802932660876,0.6004483048472962,0.8781157798351816,0.7388340624682063,0.30119372049284154,0.0806049207384946,0.01316052058410122,0.023483622687715866,0.18369690011481055,0.056753688989784334,0.1254249418500627,0.1814047498736736,0.00017494751574520517,0.00017494751574520517,0.9195459334176148,0.21937370956641428,0.004133078727139861,0.8373286804302702,0.23426705187790475,0.4891196849302095,0.42986887160909437,0.06127604078738563,0.22599171350043076,0.4508921074471684,0.45874500415897423,0.2800386164736367,1,0,0.4962533970866728,0.27530436775830636,0.5199717214563451,0.044814647387102835,0.9564787942345683,0.8213333333333332,0.3970279819373855,0,0,0.0,0.0,0.0,0.0
2011/05/01,0.9023069020267114,0.8581747888900194,0.18009442290715086,0.012395604033208829,0.2136258660508083,0.21573194767962722,0.05773268019594113,0.9795460913421126,0.7970486597553003,0.624824880919025,0.9459761928985654,0.7328314172347136,0.12512954362261544,0.1212528307680498,0.0,0.023582017754843143,0.18369690011481055,0.10215664018161175,0.1254249418500627,0.1814047498736736,0.00017494751574520517,0.00017494751574520517,0.9591234723978086,0.24868089011241107,0.0007369055094901267,0.8984745936427614,0.24910354645563793,0.35020663275019254,0.3059478402509549,0.3210587458216565,0.5052508512122083,0.5877760227413777,0.700029272222979,0.5394010672989538,0,1,0.45993002049116716,0.3000513254649052,0.5326970661010958,0.0731031435040938,0.8256834865741531,0.8035557333333333,0.43081980841536455,0,0,0.0,1.0,1.0,0.0
2011/06/01,0.8914728682170543,0.8109675450198393,0.09968141864660499,0.010509674919409906,0.2598152424942262,0.2211073284357642,0.06123163051084679,0.9023069020267114,0.8990380125151769,0.6824507331652191,0.8581747888900194,0.8781157798351816,0.18009442290715086,0.30119372049284154,0.01290516399686703,0.013410154370927407,0.21814006888633752,0.19296254256526668,0.21685453569511537,0.17668856324743143,0.05773268019594113,0.00017494751574520517,0.9562789717656974,0.14831383344803856,0.0,0.9445343824592469,0.23122472051249843,0.40586128220673817,0.3342501421369985,0.13313458064625044,0.3451306559461788,0.6236866635351842,0.4718218625828534,0.2946047000147799,0,0,0.45229144259977605,0.2306501059452827,0.6557087310003535,0.034650914346760486,0.7389703192449333,0.7324442666666666,0.3744686077049521,0,0,0.0,0.0,0.0,0.0
2011/07/01,0.9207994769776782,0.8215484789907416,0.07868575595900665,0.0019580684788075287,0.38683602771362574,0.2211073284357642,0.06123163051084679,0.8914728682170543,0.9795460913421126,0.729802932660876,0.8109675450198393,0.9459761928985654,0.09968141864660499,0.12512954362261544,0.0109417078849392,0.0,0.26406429391504016,0.19296254256526668,0.2222222222222222,0.17668856324743143,0.06123163051084679,0.00017494751574520517,0.9341898440792247,0.125181807754072,0.000677098685531452,0.9866216688461713,0.23052715320520878,0.4426412283348026,0.3832453478711372,0.20386148580207314,0.27107519383024986,0.8945728811991793,0.45874500415897423,0.2800386164736367,0,0,0.4635564516085666,0.22027317106661184,0.7299399080947332,0.023385627089233196,0.5957734799892692,0.9279999999999999,0.36165851077899747,0,0,1.0,0.0,0.0,0.0
2011/08/01,0.8577566078266554,0.709939973547665,0.10950754231758339,0.020868887734659003,0.40993071593533476,0.2798781580361941,0.1273617914625611,0.9207994769776782,0.9023069020267114,0.7970486597553003,0.8215484789907416,0.8581747888900194,0.07868575595900665,0.18009442290715086,0.002038560990526017,0.013149954082301907,0.3903559127439724,0.22701475595913734,0.2222222222222222,0.26275896917635155,0.06123163051084679,0.05773268019594113,0.9174388959123472,0.09002466161963757,0.003603361143506456,1.0,0.22625633295649628,0.3593711100762388,0.27665510877901944,0.2917370091501502,0.5779730893875374,0.5191235418527506,0.6010746673545155,0.554055201431451,0,0,0.43929158695747483,0.23002777776239794,0.8791092258748675,0.041073741696279975,0.5385581542813941,0.9102224,0.37917320082377615,0,0,0.0,0.0,1.0,0.0
2011/09/01,0.8821331838983841,0.7016990538203275,0.09568955590526998,0.06986182219913761,0.40993071593533476,0.2798781580361941,0.1273617914625611,0.8577566078266554,0.8914728682170543,0.8990380125151769,0.709939973547665,0.8109675450198393,0.10950754231758339,0.09968141864660499,0.021726768451659217,0.01114925438404668,0.41331802525832373,0.2724177071509648,0.2809089282519234,0.26781202627589706,0.1273617914625611,0.06123163051084679,0.9139275179098187,0.08803624684560679,0.024106421971318293,0.9962744669474708,0.15153037725578866,0.4388287979568106,0.36582914399448535,0.2162145051828342,0.9040078762768184,0.4508921074471684,0.45874500415897423,0.2800386164736367,0,0,0.4865225491565339,0.22506548564575682,1.0,0.04249234243456859,0.6028095505206936,0.8391109333333333,0.37113382583558485,0,0,0.0,0.0,0.0,1.0
2011/10/01,0.8514990193331464,0.7098382337979448,0.06878286569684874,0.10101572225932243,0.49076212471131625,0.31356387744131864,0.14520643806857936,0.8821331838983841,0.9207994769776782,0.9795460913421126,0.7016990538203275,0.8215484789907416,0.09568955590526998,0.07868575595900665,0.07273371028829534,0.0020772291949096022,0.41331802525832373,0.3972758229284903,0.2809089282519234,0.26781202627589706,0.1273617914625611,0.06123163051084679,0.8878708386009271,0.08310392291810054,0.058324469107639554,0.968058215621554,0.1310421638822593,0.3873292582797103,0.3819952324791885,0.19368732484721612,0.6910715018254914,0.6831880763530074,0.5365047806467133,0.34805140896669484,0,0,0.48764201793584516,0.19623768285735008,0.8557794273594911,0.03361666156500162,0.5262541765236691,0.768,0.35054886919719613,0,0,0.0,0.0,0.0,1.0
2011/11/01,0.8628934342019239,0.8201241224946586,0.09496027328906456,0.1314482286694203,0.5386836027713624,0.27181508690198897,0.13645906228131555,0.8514990193331464,0.8577566078266554,0.9023069020267114,0.7098382337979448,0.709939973547665,0.06878286569684874,0.10950754231758339,0.10516828857440197,0.022138890103642672,0.49368541905855334,0.419977298524404,0.3145464304884594,0.32305878389759124,0.14520643806857936,0.1273617914625611,0.8898019384745048,0.07585856847900896,0.09652180599520699,0.9593735374782204,0.10008541640497426,0.42658215860686666,0.482266737871767,0.2851888273626633,0.6737908684415639,0.5766097726592371,0.36488840327269245,0.24740329372104944,0,0,0.5149661365582767,0.21972946441572846,0.5157299399080948,0.05219915548861448,0.5183401214545277,0.8062224,0.3694239235172974,0,0,0.0,0.0,0.0,1.0
2011/12/01,0.8358083496777808,0.8343676874554887,0.10332783172763213,0.16656773268036895,0.579676674364896,0.2574807382189569,0.12771168649405173,0.8628934342019239,0.8821331838983841,0.8914728682170543,0.8201241224946586,0.7016990538203275,0.09496027328906456,0.09568955590526998,0.1368518180745254,0.07411335111733064,0.5413318025258322,0.419977298524404,0.27285739846126333,0.32305878389759124,0.13645906228131555,0.1273617914625611,0.8723841129372103,0.0796627666896077,0.1299281890920897,0.9471065685210363,0.10141104551354518,0.3901507496478017,0.3863555383390289,0.251887640544282,0.7108442384214629,0.553152859343703,0.4254413294806064,0.24706052534756398,0,0,0.5194674887445724,0.2195633625875564,0.3637327677624603,0.06257371230258074,0.4907689681242836,0.8693333333333333,0.37343888752432597,0,0,0.0,0.0,0.0,1.0
2012/01/01,0.8621462594564304,0.8517651846576456,0.08141096994587951,0.13810566149736592,0.579676674364896,0.2574807382189569,0.12771168649405173,0.8358083496777808,0.8514990193331464,0.9207994769776782,0.8343676874554887,0.7098382337979448,0.10332783172763213,0.06878286569684874,0.17341501882986587,0.1071631608868675,0.5820895522388059,0.49943246311010203,0.25854356772231146,0.35472460838807496,0.12771168649405173,0.14520643806857936,0.8763874841972188,0.08595262674925441,0.14273966516722425,0.9341826610209467,0.10240254574383445,0.44123341153453005,0.3888928670952202,0.20275833980484181,0.09567420109119251,0.4508921074471684,0.45874500415897423,0.2800386164736367,1,0,0.5188401095984376,0.2087282634995108,0.40296924708377524,0.0459891790643884,0.49006170280223404,0.7448890666666667,0.3599863963572468,0,0,0.0,0.0,0.0,0.0
2012/02/01,0.9428411319697394,0.8714009563536474,0.13061835489195103,0.10058700831869927,0.579676674364896,0.2574807382189569,0.12771168649405173,0.8621462594564304,0.8628934342019239,0.8577566078266554,0.8517651846576456,0.8201241224946586,0.08141096994587951,0.09496027328906456,0.14378292544231408,0.1394476756898586,0.5820895522388059,0.5465380249716231,0.25854356772231146,0.31547919824827375,0.12771168649405173,0.13645906228131555,0.9064475347661187,0.10371300757054375,0.1320790987966013,0.9529313412783382,0.1100782983712264,0.49191579263893404,0.3905303543374,0.32299333997366375,0.0,0.4508921074471684,0.45874500415897423,0.2800386164736367,1,0,0.5461469106743595,0.27012558959228095,0.6401555319901024,0.06567484892652184,0.5210106577567496,0.6711109333333333,0.3988701418935515,0,0,0.0,0.0,0.0,1.0
2012/03/01,1.0,0.9116898972428528,0.11645491881932987,0.12495568581863759,0.579676674364896,0.2574807382189569,0.12771168649405173,0.9428411319697394,0.8358083496777808,0.8821331838983841,0.8714009563536474,0.8343676874554887,0.13061835489195103,0.10332783172763213,0.10472195101016057,0.1767044212183495,0.5820895522388059,0.5868331441543699,0.25854356772231146,0.30200437931615276,0.12771168649405173,0.12771168649405173,0.9681837336704593,0.11025120440468,0.11770623742454733,0.9789038758139184,0.11762927605409701,0.465780386436925,0.4073538534008919,0.21700058243576326,0.6125753784304878,0.4508921074471684,0.45874500415897423,0.2800386164736367,0,0,0.6010581375334366,0.27297368227267166,0.7165075998586072,0.06257168515091127,0.5832378118674244,0.608,0.3920588735428042,0,0,0.0,0.0,0.0,0.0
2012/04/01,0.9467637993835809,0.8827958083223114,0.14432119141749508,0.15229650515693405,0.6062355658198613,0.2574807382189569,0.12771168649405173,1.0,0.8621462594564304,0.8514990193331464,0.9116898972428528,0.8517651846576456,0.11645491881932987,0.08141096994587951,0.13009237900067594,0.14651025495255166,0.5820895522388059,0.5868331441543699,0.25854356772231146,0.30200437931615276,0.12771168649405173,0.12771168649405173,1.0,0.14158465244322088,0.12260826103115507,0.9998962728616465,0.14509651216346353,0.37135122100283025,0.35084415141839354,0.2812093772157882,0.6361529310415557,0.5144725601816584,0.45874500415897423,0.2800386164736367,0,0,0.5853875789121608,0.28303557735057616,0.615411806291976,0.08255980604212826,0.5436553422920275,0.6488890666666667,0.4085816313034935,0,0,0.0,0.0,0.0,0.0
2012/05/01,0.8588773699448959,0.7946891850646046,0.07580700878977467,0.2067390533666411,0.6062355658198613,0.3101594696290987,0.16480055983205022,0.9467637993835809,0.9428411319697394,0.8628934342019239,0.8827958083223114,0.8714009563536474,0.14432119141749508,0.13061835489195103,0.15855712798944233,0.10670835702103454,0.6084959816303099,0.5868331441543699,0.25854356772231146,0.30200437931615276,0.12771168649405173,0.12771168649405173,0.968429203539823,0.11428481303051158,0.15927625199178086,0.9990121224918718,0.1381317254951221,0.33899291307756363,0.30161169121028253,0.13998294898200359,0.8901013250194856,0.4508921074471684,0.5825578126403834,0.4213409476130428,0,0,0.5615621057569488,0.20349716325761116,0.5889006716154118,0.053523696389440156,0.5173401946199059,0.6488890666666667,0.35589585655714473,0,0,0.0,0.0,0.0,1.0
2012/06/01,0.7171009619874847,0.6689388544104181,0.07446359344413309,0.23994377251778753,0.6287528868360277,0.3101594696290987,0.16480055983205022,0.8588773699448959,1.0,0.8358083496777808,0.7946891850646046,0.9116898972428528,0.07580700878977467,0.11645491881932987,0.21523770694076372,0.13256002099094766,0.6084959816303099,0.5868331441543699,0.3111468956879585,0.30200437931615276,0.16480055983205022,0.12771168649405173,0.8620596291613991,0.09337003899977059,0.19899652693229453,0.972853126076632,0.12763639408784488,0.28139641367944923,0.2612732541737376,0.2356955042711956,0.6701193748205276,0.5034255660398023,0.45874500415897423,0.2800386164736367,0,0,0.479502612199736,0.16972506271728194,0.4892188052315306,0.057835447990383176,0.4115186693656563,0.6835557333333333,0.34437054811343926,0,0,0.0,0.0,0.0,0.0
2012/07/01,0.7867750070047633,0.725913114253739,0.09361685794342303,0.2292753909953582,0.6287528868360277,0.3101594696290987,0.16480055983205022,0.7171009619874847,0.9467637993835809,0.8621462594564304,0.6689388544104181,0.8827958083223114,0.07446359344413309,0.14432119141749508,0.24980740963273707,0.1615647002230287,0.6308840413318024,0.6129398410896706,0.3111468956879585,0.30200437931615276,0.16480055983205022,0.12771168649405173,0.8019037083860092,0.06811596696490019,0.22558920401389237,0.9562444354712238,0.1320746974835657,0.49224578021070386,0.43262878819904876,0.2718861844548739,0.27114698281166677,0.4508921074471684,0.45874500415897423,0.2800386164736367,1,0,0.5240142307457847,0.19997248246379948,0.5549664192294097,0.06741536134992082,0.45963709972441047,0.6426666666666666,0.36323615545940635,0,0,0.0,0.0,0.0,0.0
2012/08/01,0.8870832165872793,0.7892969783294332,0.06317890454074385,0.23069138367424324,0.6287528868360277,0.3101594696290987,0.16480055983205022,0.7867750070047633,0.8588773699448959,0.9428411319697394,0.725913114253739,0.7946891850646046,0.09361685794342303,0.07580700878977467,0.23870047101488134,0.21932041806970748,0.6308840413318024,0.6129398410896706,0.3111468956879585,0.3515243388916963,0.16480055983205022,0.16480055983205022,0.8125084281500212,0.061826106905253475,0.2338617693421675,0.9439577089638769,0.10755265251434076,0.5178871813496492,0.43507207790919283,0.18753692980382888,0.3787484103868401,0.4508921074471684,0.45874500415897423,0.2800386164736367,0,0,0.5977146533721356,0.1997078268842453,0.7143867090844822,0.049804278506313554,0.5393263907518963,0.6426666666666666,0.3489239896461164,0,0,0.0,0.0,0.0,0.0
2012/09/01,0.8824133744279443,0.7931630888188015,0.04168425901047865,0.2071224225635444,0.6287528868360277,0.3101594696290987,0.16480055983205022,0.8870832165872793,0.7171009619874847,1.0,0.7892969783294332,0.6689388544104181,0.06317890454074385,0.07446359344413309,0.24017467248908286,0.25454585210128133,0.6308840413318024,0.6350737797956866,0.3111468956879585,0.3515243388916963,0.16480055983205022,0.16480055983205022,0.8746660345554151,0.04550011470520765,0.2225241042860132,0.9180469167725547,0.08036427584474315,0.41140370660004427,0.37740716232433463,0.19860268173684031,0.15470525495343973,0.4508921074471684,0.45874500415897423,0.2800386164736367,0,0,0.578551425487058,0.1811747385695643,0.6832803110639802,0.033993306345187435,0.518608394507719,0.608,0.33374270221248137,0,0,0.0,0.0,0.0,0.0
2012/10/01,0.8716727374614737,0.7420897344592531,0.08920277895060066,0.181348058008294,0.6287528868360277,0.3101594696290987,0.16480055983205022,0.8824133744279443,0.7867750070047633,0.9467637993835809,0.7931630888188015,0.725913114253739,0.04168425901047865,0.09361685794342303,0.21563683572417192,0.24322823282459427,0.6308840413318024,0.6350737797956866,0.3111468956879585,0.3515243388916963,0.16480055983205022,0.16480055983205022,0.906587652760219,0.043301215875200805,0.2059682938394699,0.9014999685114045,0.060322405057991024,0.4057617001584526,0.3280987806845525,0.33233130465610966,0.13007137875866595,0.4508921074471684,0.45874500415897423,0.2800386164736367,0,0,0.5538405087452754,0.21725482401234467,0.8200777659950512,0.057132837221748084,0.4918908372558106,0.608,0.3659946719065883,0,0,0.0,0.0,0.0,0.0
2012/11/01,0.8469225740169983,0.7119747685420693,0.08816642996967719,0.21607800944819577,0.6316397228637414,0.3101594696290987,0.16480055983205022,0.8716727374614737,0.8870832165872793,0.8588773699448959,0.7420897344592531,0.7892969783294332,0.08920277895060066,0.06317890454074385,0.18880293552782634,0.24473039751607106,0.6308840413318024,0.6350737797956866,0.3111468956879585,0.3515243388916963,0.16480055983205022,0.16480055983205022,0.8914875684787189,0.055746730901582886,0.2009210250889627,0.898866040105357,0.0648159778922246,0.3925504817525659,0.34538816126057187,0.2363132871323902,0.6914714690076712,0.4574852572886067,0.45874500415897423,0.2800386164736367,0,0,0.5591020731144124,0.21044880160299337,0.8310357016613645,0.0621115217219437,0.49543935809574924,0.6124442666666666,0.36368016324371305,0,0,0.0,0.0,0.0,1.0
2012/12/01,0.8509386382740263,0.7255061552548581,0.06298698806279504,0.21324396296571102,0.6316397228637414,0.3101594696290987,0.16480055983205022,0.8469225740169983,0.8824133744279443,0.7171009619874847,0.7119747685420693,0.7931630888188015,0.08816642996967719,0.04168425901047865,0.22496056993873592,0.21972711768050024,0.6337543053960963,0.6350737797956866,0.3111468956879585,0.3515243388916963,0.16480055983205022,0.16480055983205022,0.8796533923303835,0.06635696260610235,0.20303562350749937,0.9283578882636447,0.06064313528451193,0.41955967161355134,0.38718463488261945,0.1955353977445386,0.3402900274849243,0.4508921074471684,0.45874500415897423,0.2800386164736367,0,0,0.560141174790091,0.1915339559198968,0.7992223400494874,0.047123978568952535,0.49656122722727614,0.6124442666666666,0.346505564267765,0,0,0.0,0.0,0.0,0.0
2013/01/01,0.8833473428598113,0.7957065825618069,0.1237477449813841,0.20462846165895798,0.6316397228637414,0.3101594696290987,0.16480055983205022,0.8509386382740263,0.8716727374614737,0.7867750070047633,0.7255061552548581,0.7420897344592531,0.06298698806279504,0.08920277895060066,0.22201002113665858,0.19238422180434678,0.6337543053960963,0.6350737797956866,0.3111468956879585,0.3515243388916963,0.16480055983205022,0.16480055983205022,0.8840423514538558,0.0835627437485662,0.21107750537193437,0.9496380046356152,0.07159904534606198,0.4466508702201837,0.44167896795166567,0.349662461593004,0.287586659556139,0.4508921074471684,0.45874500415897423,0.2800386164736367,0,0,0.5775452234833653,0.24822478671141077,0.6779780841286673,0.08065955406717573,0.5153281467209717,0.6124442666666666,0.3906512743968107,0,0,0.0,0.0,0.0,0.0
2013/02/01,0.9122069674045017,0.8013022687964187,0.08893409588147241,0.19594906548605429,0.6316397228637414,0.3101594696290987,0.16480055983205022,0.8833473428598113,0.8469225740169983,0.8870832165872793,0.7957065825618069,0.7119747685420693,0.1237477449813841,0.08816642996967719,0.21304035277834388,0.2292277080509031,0.6337543053960963,0.6379114642451759,0.3111468956879585,0.3515243388916963,0.16480055983205022,0.16480055983205022,0.9085893383902233,0.08394528561596698,0.20412496208674547,0.9551750580686746,0.08096470292676805,0.4424166805788646,0.37893163016254955,0.18527735337812742,0.2863970135783731,0.4508921074471684,0.45874500415897423,0.2800386164736367,0,0,0.5920517545571055,0.22684111418891642,0.767762460233298,0.05932540446743684,0.5309733434138966,0.608,0.36826194569879267,0,0,0.0,0.0,0.0,0.0
2013/03/01,0.8414121602689828,0.7771899481127276,0.06709400069089935,0.2086249824804398,0.6870669745958429,0.2653646299946245,0.18107067879636096,0.9122069674045017,0.8509386382740263,0.8824133744279443,0.8013022687964187,0.7255061552548581,0.08893409588147241,0.06298698806279504,0.2040041629561279,0.22622119211090208,0.6337543053960963,0.6379114642451759,0.3111468956879585,0.3515243388916963,0.16480055983205022,0.16480055983205022,0.9050073746312686,0.08599105299380594,0.2025294014618496,0.9461396834099556,0.0902039107314826,0.3519415082384619,0.3524712857380728,0.20126532059290272,0.48325265619231245,0.577130604724969,0.35777612256076885,0.33935955773445825,0,0,0.5503582886714989,0.19263382685877634,0.5835984446800989,0.048804892733269406,0.4476623661683292,0.6933333333333334,0.3487161562151643,0,0,0.0,0.0,0.0,0.0
2013/04/01,0.7833193238068553,0.7678298911384677,0.140828311518827,0.20657828563890734,0.6870669745958429,0.2653646299946245,0.18107067879636096,0.8414121602689828,0.8833473428598113,0.8716727374614737,0.7771899481127276,0.7957065825618069,0.06709400069089935,0.1237477449813841,0.21720116305269144,0.21708138365329943,0.6888633754305395,0.6379114642451759,0.2664161746287351,0.3515243388916963,0.18107067879636096,0.16480055983205022,0.8673967551622419,0.09449816471667816,0.20320222823138423,0.9266698525716304,0.10897625926391163,0.35972648130737556,0.36538396832695913,0.3715829380085761,0.3473150920950076,0.4508921074471684,0.45874500415897423,0.2800386164736367,0,0,0.5077471150336297,0.23394141367051266,0.3962530929657123,0.09080828618516407,0.4039826354169208,0.6933333333333334,0.395677064636197,0,0,0.0,0.0,0.0,0.0
2013/05/01,0.7862146259456431,0.7931630888188015,0.09710973784209112,0.22020025887726402,0.6870669745958429,0.2653646299946245,0.18107067879636096,0.7833193238068553,0.9122069674045017,0.8469225740169983,0.7678298911384677,0.8013022687964187,0.140828311518827,0.08893409588147241,0.2150703303541731,0.20787379192723132,0.6888633754305395,0.6379114642451759,0.2664161746287351,0.3515243388916963,0.18107067879636096,0.16480055983205022,0.8200242309313106,0.09857019958706126,0.21157945550158697,0.9132927562646869,0.11222794456307839,0.4186702672411184,0.3972692441417557,0.17487792061991425,0.4908007548098618,0.4508921074471684,0.45874500415897423,0.2800386164736367,0,0,0.518089026707934,0.20241860872001377,0.3191940615058325,0.06796553031301247,0.4145794210179744,0.6933333333333334,0.36561679294122096,0,0,0.0,0.0,0.0,0.0
2013/06/01,0.7895769123003643,0.8059822972835486,0.09423099067285914,0.29025788792428253,0.6887990762124709,0.2653646299946245,0.18107067879636096,0.7862146259456431,0.8414121602689828,0.8509386382740263,0.7931630888188015,0.7771899481127276,0.09710973784209112,0.06709400069089935,0.22925227728721176,0.22132111776796237,0.6888633754305395,0.6923950056753688,0.2664161746287351,0.30941552972881936,0.18107067879636096,0.18107067879636096,0.8005341340075853,0.11208648772654278,0.23977837299807325,0.8997711828721797,0.12358916384038854,0.4191369360556331,0.38542636354459914,0.23333146925752102,1.0,0.4546425850793782,0.45874500415897423,0.2800386164736367,0,0,0.5632612418252503,0.20111609355076432,0.28738069989395554,0.0777274818924677,0.459722459332244,0.6106666666666667,0.3638691027263967,0,0,0.0,0.0,0.0,1.0
2013/07/01,0.8363687307369012,0.8965306745345406,0.05972440793766556,0.31864781974227685,0.6887990762124709,0.2653646299946245,0.18107067879636096,0.7895769123003643,0.7833193238068553,0.8833473428598113,0.8059822972835486,0.7678298911384677,0.09423099067285914,0.140828311518827,0.3021898436745597,0.21914986662002,0.6905855338691158,0.6923950056753688,0.2664161746287351,0.30941552972881936,0.18107067879636096,0.18107067879636096,0.8204804045512011,0.0716907547602661,0.27849047576328456,0.8894194614338795,0.1003090064062303,0.4632351864380965,0.45409988672177304,0.18089431323226524,0.6079808836198056,0.4508921074471684,0.45874500415897423,0.2800386164736367,0,0,0.6171771191727311,0.18576247106367733,0.14987628137150938,0.060578995059831386,0.5149135429114944,0.6106666666666667,0.3432746991138738,0,0,0.0,0.0,0.0,0.0
2013/08/01,0.8676566732044457,0.9158612269813814,0.12489924384907689,0.38151212353557074,0.6887990762124709,0.2653646299946245,0.18107067879636096,0.8363687307369012,0.7862146259456431,0.9122069674045017,0.8965306745345406,0.7931630888188015,0.05972440793766556,0.09710973784209112,0.3317468321835134,0.23360082214544975,0.6905855338691158,0.6923950056753688,0.2664161746287351,0.30941552972881936,0.18107067879636096,0.18107067879636096,0.8511030341340076,0.08553223216334027,0.33421334802872427,0.8796024286968538,0.11338609052464099,0.4460133498522378,0.38958478741567765,0.3591455076476348,0.8894449686179595,0.4508921074471684,0.45874500415897423,0.2800386164736367,0,0,0.6831234973025934,0.24493264847703997,0.20113114174620011,0.11296748651437352,0.5824086042484696,0.6106666666666667,0.390462334914127,0,0,0.0,0.0,0.0,1.0
2013/09/01,0.87064537218642,0.9130125139892157,0.16136337465934822,0.39876579852093696,0.745381062355658,0.2653646299946245,0.18107067879636096,0.8676566732044457,0.7895769123003643,0.8414121602689828,0.9158612269813814,0.8059822972835486,0.12489924384907689,0.09423099067285914,0.3971953692477709,0.3079218961822714,0.6905855338691158,0.6940976163450622,0.2664161746287351,0.30941552972881936,0.18107067879636096,0.18107067879636096,0.8815844922039613,0.11896880018352834,0.37169727494478566,0.8860433900498508,0.14766486622283626,0.4185179652849169,0.37165783936232905,0.29315775146031,0.5027074701562949,0.5732194966425802,0.45874500415897423,0.2800386164736367,0,1,0.6969970641075772,0.2750887122180629,0.2223400494874514,0.14056918364575116,0.5540814086774138,0.6951109333333333,0.4159124832316209,0,0,0.0,0.0,0.0,0.0
2013/10/01,0.8471093677033716,0.8545121579000915,0.05577092849192031,0.35667557072543343,0.745381062355658,0.2653646299946245,0.18107067879636096,0.87064537218642,0.8363687307369012,0.7833193238068553,0.9130125139892157,0.8965306745345406,0.16136337465934822,0.05972440793766556,0.415158310354817,0.33803953295141476,0.7468427095292767,0.6940976163450622,0.2664161746287351,0.30941552972881936,0.18107067879636096,0.18107067879636096,0.8856226295828067,0.11699931176875428,0.38483341663569515,0.9001008869905176,0.11673575346480758,0.3936644338809369,0.3272524292701276,0.09358803643177904,0.03699183656725602,0.4508921074471684,0.45874500415897423,0.2800386164736367,0,0,0.6501718360133691,0.18500753825463517,0.336514669494521,0.06354025821857964,0.5084506011755239,0.6951109333333333,0.3412530466491583,0,0,0.0,0.0,0.0,1.0
2013/11/01,0.8350611749322874,0.7865500050869875,0.07431006026177409,0.3754730281219856,0.745381062355658,0.2653646299946245,0.18107067879636096,0.8471093677033716,0.8676566732044457,0.7862146259456431,0.8545121579000915,0.9158612269813814,0.05577092849192031,0.12489924384907689,0.3713378324732036,0.40472952289325215,0.7468427095292767,0.6940976163450622,0.2664161746287351,0.30941552972881936,0.18107067879636096,0.18107067879636096,0.8733670459334175,0.09180259233769217,0.3827465856711395,0.9108638124415764,0.10844533768789522,0.4041644822075192,0.3166027229911664,0.2729877477462268,0.5178549452352628,0.4508921074471684,0.45874500415897423,0.2800386164736367,0,0,0.6524734442695932,0.19681516354662837,0.5270413573700955,0.07847996059217152,0.5106943394385778,0.6951109333333333,0.35328849169610976,0,0,0.0,0.0,0.0,0.0
2013/12/01,0.8628000373587372,0.8249058907315087,0.0458680382297624,0.36090293751494307,0.745958429561201,0.2653646299946245,0.18107067879636096,0.8350611749322874,0.87064537218642,0.7895769123003643,0.7865500050869875,0.9130125139892157,0.07431006026177409,0.16136337465934822,0.3909080179822536,0.42303319193597777,0.7468427095292767,0.7497162315550508,0.2664161746287351,0.30941552972881936,0.18107067879636096,0.18107067879636096,0.870417193426043,0.03427793071805463,0.36966811484618967,0.9269995566899683,0.09085960725202025,0.44261096320248056,0.4085772237430474,0.1877964935678833,0.2500717889814169,0.45207979926061315,0.45874500415897423,0.2800386164736367,0,0,0.6655968936647891,0.1804892916919741,0.49876281371509373,0.057681384463504154,0.5230836768041363,0.6088890666666666,0.33541481663423206,0,0,0.0,0.0,0.0,0.0
2014/01/01,0.8381432707574485,0.7942822260657239,0.0748474264000307,0.36697707204867536,1.0,0.27486113599713324,0.38226032190342873,0.8628000373587372,0.8471093677033716,0.8363687307369012,0.8249058907315087,0.8545121579000915,0.0458680382297624,0.05577092849192031,0.37573897835906556,0.37838151047360813,0.7474167623421355,0.7497162315550508,0.2664161746287351,0.30941552972881936,0.18107067879636096,0.18107067879636096,0.8670459334176148,0.04377953659096123,0.3732266208717271,0.9273910031525641,0.09635891638403882,0.39244016046377894,0.34732502051172776,0.29466026690751934,0.4149300570209624,0.9735738571508539,0.4809223358654289,1.0,0,0,0.6495481476922492,0.19794465597819857,0.511841640155532,0.07753287533219946,0.36614394068726674,1.0,0.353864757118295,0,0,1.0,0.0,1.0,0.0
2014/02/01,0.845428224526011,0.8573608708922574,0.04060952673396537,0.36818283000667806,0.79445727482679,0.27486113599713324,0.38226032190342873,0.8381432707574485,0.8350611749322874,0.8676566732044457,0.7942822260657239,0.7865500050869875,0.0748474264000307,0.07431006026177409,0.38206280913704493,0.39832291074474124,1.0,0.7497162315550508,0.2758990874932904,0.30941552972881936,0.38226032190342873,0.18107067879636096,0.8709439528023599,0.026994150034411635,0.3707083263914698,0.9224923655591324,0.06570950048151403,0.4227531312208271,0.4304555372174623,0.1776634829658642,0.3756922508922345,0.10275967980996925,0.45874500415897423,0.2800386164736367,0,0,0.6562470073153129,0.17273565835290106,0.3202545068928951,0.05523623411980061,0.4822452015706169,0.6835557333333333,0.33063464772233453,0,0,1.0,0.0,0.0,0.0
2014/03/01,0.8321658727934995,0.8571573913928171,0.2357502015123019,0.3431071867296547,0.79445727482679,0.27486113599713324,0.38226032190342873,0.845428224526011,0.8628000373587372,0.87064537218642,0.8573608708922574,0.8249058907315087,0.04060952673396537,0.0458680382297624,0.38331813353647404,0.38286613897756583,0.7956371986222732,0.7502837684449489,0.2758990874932904,0.30941552972881936,0.38226032190342873,0.18107067879636096,0.8594258322798147,0.12156859371415468,0.3645610392717237,0.9140126719987356,0.0927580287233597,0.40298023686859363,0.3737534434251609,0.6267763235641692,0.16531976863436848,0.4508921074471684,0.45874500415897423,0.2800386164736367,0,1,0.6294783334150529,0.32129436510621384,0.27076705549664193,0.17745847886593025,0.4571982537863084,0.6826666666666666,0.46492338503977176,0,0,0.0,0.0,0.0,0.0
2014/04/01,0.8347809844027272,0.8700783396072845,0.1335738686523625,0.3307157049458749,0.8418013856812934,0.27486113599713324,0.38226032190342873,0.8321658727934995,0.8381432707574485,0.8471093677033716,0.8571573913928171,0.7942822260657239,0.2357502015123019,0.0748474264000307,0.3572116777356952,0.3893099225958805,0.7956371986222732,0.9999999999999999,0.2758990874932904,0.3183425972713493,0.38226032190342873,0.38226032190342873,0.858161609776654,0.15081842165634324,0.35203364561039285,0.9112960088513824,0.12104844450027219,0.4182533894507464,0.38479397252852016,0.12086861008880034,0.2648705747220741,0.5444642122658385,0.45874500415897423,0.2800386164736367,0,0,0.6236463532620121,0.24281097445852187,0.2357723577235773,0.1094082136131343,0.4242006682437871,0.3644442666666666,0.3943261473350086,0,0,0.0,0.0,0.0,0.0
2014/05/01,0.85140562248996,0.8711974768542069,0.09599662226998815,0.30882449935280687,0.8418013856812934,0.3635549184733916,0.38226032190342873,0.8347809844027272,0.845428224526011,0.8350611749322874,0.8700783396072845,0.8573608708922574,0.1335738686523625,0.04060952673396537,0.34431080544617665,0.3905890584685354,0.8427095292766935,0.7979568671963678,0.2758990874932904,0.3183425972713493,0.38226032190342873,0.38226032190342873,0.860408765276022,0.1784050240880936,0.3315305847825808,0.9148980572153957,0.12893438847715943,0.43183657609581744,0.3748543041843925,0.18265217189452004,0.1855334946876154,0.4508921074471684,0.6643084654689206,0.2800386164736367,0,0,0.6225554944872027,0.2177165870946631,0.29480381760339347,0.08186327672850155,0.4232251298685463,0.6808890666666667,0.36939558259489486,0,0,0.0,1.0,0.0,0.0
2014/06/01,0.872513309050154,0.9079255265032048,0.1548765977046789,0.31814902756135965,1.0,0.3635549184733916,0.38226032190342873,0.85140562248996,0.8321658727934995,0.8628000373587372,0.8711974768542069,0.8571573913928171,0.09599662226998815,0.2357502015123019,0.3215196935720953,0.3639874054314076,0.8427095292766935,0.7979568671963678,0.3644659151905528,0.3183425972713493,0.38226032190342873,0.38226032190342873,0.8755794353139486,0.13812456985547145,0.3229077223425477,0.9170380468673787,0.16857178746388635,0.43585305204333574,0.4044049959753014,0.3350598895904379,0.44429175042047836,0.7519841511289157,0.45874500415897423,0.2800386164736367,1,0,0.6451111894033138,0.27041432993692005,0.24708377518557795,0.12054538488515171,0.3625832256176378,0.9244442666666666,0.41153853420749337,0,0,1.0,0.0,0.0,0.0
2014/07/01,0.8255346969272438,0.8855427815647573,0.30833301347253683,0.325546404161823,1.0,0.3635549184733916,0.38226032190342873,0.872513309050154,0.8347809844027272,0.8381432707574485,0.9079255265032048,0.8700783396072845,0.1548765977046789,0.1335738686523625,0.3312275355943478,0.35084182446320034,1.0,0.8444948921679908,0.3644659151905528,0.3183425972713493,0.38226032190342873,0.38226032190342873,0.872102823430257,0.2251663225510438,0.3211220614557836,0.9142596413757675,0.25347234434535026,0.37178567209584085,0.35598265195286316,0.4516061299253807,0.42764696230052923,0.4508921074471684,0.45874500415897423,0.2800386164736367,1,1,0.6130723962414983,0.3748328600354019,0.1470484270060092,0.21939213830039545,0.3368899836597322,0.8515557333333333,0.5147467266234625,0,0,0.0,0.0,0.0,0.0
2014/08/01,0.7773419258429065,0.8138162580120053,0.2995048554868921,0.3415860766903285,1.0,0.3635549184733916,0.38226032190342873,0.8255346969272438,0.85140562248996,0.845428224526011,0.8855427815647573,0.8711974768542069,0.30833301347253683,0.09599662226998815,0.3389290044311878,0.32761840206410997,1.0,0.8444948921679908,0.3644659151905528,0.40171803941384543,0.38226032190342873,0.38226032190342873,0.8442551622418879,0.3265278733654508,0.3324405028899512,0.8992562517210678,0.34761127161579364,0.36852777704555684,0.31520852942775085,0.22931192389506028,0.4988308651597818,0.4508921074471684,0.45874500415897423,0.2800386164736367,1,1,0.584838758120976,0.3485428163450843,0.2138564863909509,0.2180935449409389,0.3142574933541449,0.8515557333333333,0.5051391539289966,0,0,0.0,0.0,0.0,0.0
2014/09/01,0.735126552722518,0.7799369213551733,0.2807354239434998,0.3420766243723874,0.8048498845265588,0.3816520336857193,0.321553533939818,0.7773419258429065,0.872513309050154,0.8321658727934995,0.8138162580120053,0.9079255265032048,0.2995048554868921,0.1548765977046789,0.35562803772410756,0.3375103861459745,1.0,0.9999999999999999,0.3644659151905528,0.40171803941384543,0.38226032190342873,0.38226032190342873,0.7925969237252424,0.3892142693278275,0.34070452438623244,0.877873643057629,0.3639693505840975,0.37228065345349565,0.3441656536619581,0.21915095215585645,0.3700414324978464,0.12036331687276847,0.49791181815283575,0.10326762033842873,0,1,0.5514943783846514,0.31832557176401804,0.17179215270413573,0.20615199988647948,0.378569860741897,0.3075557333333333,0.4887864417027226,0,0,1.0,0.0,0.0,0.0
2014/10/01,0.6449052022041656,0.6903042018516634,0.09687943806855256,0.3517474215329821,0.8048498845265588,0.3816520336857193,0.2786913925822253,0.735126552722518,0.8255346969272438,0.8347809844027272,0.7799369213551733,0.8855427815647573,0.2807354239434998,0.30833301347253683,0.35613875089857616,0.34535793938863857,0.8059701492537312,0.9999999999999999,0.38253712649847904,0.40171803941384543,0.321553533939818,0.38226032190342873,0.7246807838179519,0.28389538885065385,0.3497567143839685,0.8360320912008516,0.3506259682619437,0.318573711706065,0.29237947257036323,0.04597391278657528,0.4450506625097428,0.4508921074471684,0.45874500415897423,0.14779606225176808,0,0,0.48461361046231066,0.1672069590021931,0.14174620007069638,0.0894796909809995,0.31651342584688924,0.3075557333333333,0.35308065826515767,0,0,0.0,0.0,0.0,0.0
2014/11/01,0.570281124497992,0.6027062773425578,0.09964303535101524,0.3582605756309103,0.6062355658198613,0.3816520336857193,0.2786913925822253,0.6449052022041656,0.7773419258429065,0.85140562248996,0.6903042018516634,0.8138162580120053,0.09687943806855256,0.2995048554868921,0.36620709633810067,0.36237372633052,0.8059701492537312,0.9999999999999999,0.38253712649847904,0.40171803941384543,0.2786913925822253,0.38226032190342873,0.6468257479983144,0.18435076852489102,0.3555152571479835,0.7740847623598912,0.3519524347862497,0.3264895082501774,0.2859123469816486,0.24259768460681366,0.41883742872379703,0.061630983180044785,0.45874500415897423,0.2800386164736367,0,0,0.42775807653949804,0.15028561209354188,0.16366207140332273,0.09235175946629148,0.36954613077091925,0.0017775999999999348,0.34656224611257014,0,0,1.0,0.0,0.0,0.0
2014/12/01,0.41057252264873456,0.43483569030420177,0.1078954439028135,0.3793726760818843,0.4543879907621246,0.3816520336857193,0.2786913925822253,0.570281124497992,0.735126552722518,0.872513309050154,0.6027062773425578,0.7799369213551733,0.09964303535101524,0.2807354239434998,0.37298799394869253,0.362894126907771,0.6084959816303099,0.8081725312145288,0.38253712649847904,0.4187299983156477,0.2786913925822253,0.321553533939818,0.5247924568057312,0.09826451020876353,0.36839935579506766,0.6722913942285726,0.3348691537913997,0.20555589725866238,0.18609895840972207,0.2514998776040787,0.5363354801657301,0.09662651716677084,0.45874500415897423,0.2800386164736367,0,0,0.3066548972530534,0.11405132878694171,0.1424531636620714,0.10132231103398923,0.32568348657415314,0.06844426666666659,0.3269692217582708,0,1,1.0,0.0,0.0,0.0
2015/01/01,0.27439992528252544,0.3120358123919015,0.20561931447434076,0.36747792535430746,0.40993071593533476,0.3816520336857193,0.2786913925822253,0.41057252264873456,0.6449052022041656,0.8255346969272438,0.43483569030420177,0.6903042018516634,0.1078954439028135,0.09687943806855256,0.39496797313391185,0.37315345257357757,0.45752009184845,0.8081725312145288,0.38253712649847904,0.4187299983156477,0.2786913925822253,0.2786913925822253,0.38548251158870633,0.15242429456297318,0.3738332329433073,0.5508442030730398,0.2975204120085416,0.1873753393844072,0.19829038739773253,0.39328552858155785,0.27164950568158513,0.3295017292111341,0.45874500415897423,0.2800386164736367,0,1,0.1915510440366264,0.11278784754731272,0.053729232944503366,0.16342977845259404,0.20150964563568524,0.0,0.3587582897198027,0,1,0.0,0.0,0.0,0.0
2015/02/01,0.37097226113757353,0.34622036829789393,0.20535063140521245,0.364602656377532,0.36951501154734406,0.3816520336857193,0.2786913925822253,0.27439992528252544,0.570281124497992,0.7773419258429065,0.3120358123919015,0.6027062773425578,0.20561931447434076,0.09964303535101524,0.38258425157988485,0.3800629728429614,0.41331802525832373,0.6129398410896706,0.38253712649847904,0.4187299983156477,0.2786913925822253,0.2786913925822253,0.3105425621576064,0.20507398485891265,0.37602472584979096,0.461298046348743,0.26328350709709836,0.6270769447056032,0.43531364610087375,0.23772769861903637,0.34300775320999305,0.33474412299424894,0.45874500415897423,0.2800386164736367,0,1,0.2690729371062397,0.1447322743049884,0.3004595263343938,0.1626205395061453,0.3369875374972563,0.24355573333333336,0.38588999943318153,0,1,0.0,0.0,0.0,0.0
2015/03/01,0.3503315587933128,0.31814019737511445,0.1758722603922773,0.37470216747874985,0.31177829099307147,0.16681598279878151,0.19174247725682292,0.37097226113757353,0.41057252264873456,0.735126552722518,0.34622036829789393,0.43483569030420177,0.20535063140521245,0.1078954439028135,0.3795907857043227,0.4024598766781824,0.3731343283582089,0.4636776390465379,0.38253712649847904,0.4187299983156477,0.2786913925822253,0.2786913925822253,0.28789190897597977,0.23893094746501492,0.3744099416029082,0.3765048152854286,0.22515345643344642,0.37857384838730773,0.3268469398055204,0.2018556698855387,0.4470915206957378,0.2766518773075416,0.0,0.0,1,1,0.2556768432896719,0.1260020784875432,0.3199010250972075,0.14538934488539496,0.3648635465697633,0.38844426666666665,0.3604870859863586,0,0,0.0,1.0,1.0,0.0
2015/04/01,0.384234612870085,0.38559365143961744,0.16800368479637665,0.37801851714443524,0.28290993071593523,0.16681598279878151,0.19174247725682292,0.3503315587933128,0.27439992528252544,0.6449052022041656,0.31814019737511445,0.3120358123919015,0.1758722603922773,0.20561931447434076,0.3901054687080888,0.38984125595836794,0.3157290470723306,0.419977298524404,0.16800858829844334,0.4187299983156477,0.19174247725682292,0.2786913925822253,0.32918984407922464,0.22019614590502407,0.37805174999038826,0.31906344272841886,0.2510153665787379,0.47911949943423726,0.4935393449878483,0.2276822644089543,0.39243959469992207,0.3570547190062329,0.45874500415897423,0.2800386164736367,1,1,0.28456561507158895,0.1330996096053365,0.2138564863909509,0.14086271520748905,0.4374436016876815,0.41244426666666667,0.36303776900258844,0,0,0.0,0.0,0.0,0.0
2015/05/01,0.4268235733632203,0.43463221080476144,0.06847579933213069,0.4001467520796749,0.26674364896073893,0.16681598279878151,0.19174247725682292,0.384234612870085,0.37097226113757353,0.570281124497992,0.38559365143961744,0.34622036829789393,0.16800368479637665,0.20535063140521245,0.39355814726993754,0.38679100887742157,0.2870264064293915,0.380249716231555,0.16800858829844334,0.4187299983156477,0.19174247725682292,0.2786913925822253,0.3501896333754741,0.15202282633631575,0.39032923656589225,0.28745136246831077,0.23968261943641922,0.4905069995440704,0.4502960504463404,0.10419058311105109,0.5418016983221889,0.3962363798764119,0.45874500415897423,0.2800386164736367,0,0,0.32788283620201686,0.10000077514186481,0.20466595970307527,0.07832873507762977,0.5251201131624516,0.4497776,0.30286054376783117,0,0,0.0,0.0,0.0,0.0
2015/06/01,0.40254039413467824,0.44022789703937326,0.10551567957624838,0.40150503326655285,0.26674364896073893,0.16681598279878151,0.19174247725682292,0.4268235733632203,0.3503315587933128,0.41057252264873456,0.43463221080476144,0.31814019737511445,0.06847579933213069,0.1758722603922773,0.4165960323165564,0.3975051384090611,0.27095292766934553,0.3234960272417706,0.16800858829844334,0.21677614957049018,0.19174247725682292,0.19174247725682292,0.36981984829329967,0.11698038540949768,0.3995886144894848,0.28568182688187577,0.23881756898212114,0.3760979653044428,0.3819305267135597,0.304816490529088,0.37663576321942815,0.4508921074471684,0.45874500415897423,0.2800386164736367,0,0,0.30813233939497153,0.11093608899957422,0.09331919406150584,0.10348609272597165,0.4927810160232178,0.5386666666666666,0.3236722277854403,0,0,0.0,0.0,0.0,0.0
2015/07/01,0.3565891472868218,0.34947604028894086,0.18573676735884545,0.3978692092701146,0.26674364896073893,0.16681598279878151,0.19174247725682292,0.40254039413467824,0.384234612870085,0.27439992528252544,0.44022789703937326,0.38559365143961744,0.10551567957624838,0.16800368479637665,0.4180101498878791,0.40102330869812386,0.27095292766934553,0.29511918274687843,0.16800858829844334,0.21677614957049018,0.19174247725682292,0.19174247725682292,0.35942583227981456,0.12581268639596238,0.40644503966474,0.3037933261465245,0.23158732152577144,0.3375811910989269,0.24527712616675282,0.3664032692372624,0.33766460187882025,0.4508921074471684,0.45874500415897423,0.2800386164736367,0,1,0.26856239334798937,0.1319595973913154,0.23471191233651467,0.15676693634541045,0.4279930736775358,0.5831109333333333,0.3688665520433805,0,0,0.0,0.0,0.0,0.0
2015/08/01,0.26281871672737467,0.26777902126360764,0.092350209188961,0.4286335567592523,0.26674364896073893,0.16681598279878151,0.19174247725682292,0.3565891472868218,0.4268235733632203,0.37097226113757353,0.34947604028894086,0.43463221080476144,0.18573676735884545,0.06847579933213069,0.4142248640065235,0.4244981851576508,0.27095292766934553,0.27922814982973887,0.16800858829844334,0.21677614957049018,0.19174247725682292,0.19174247725682292,0.2977591656131479,0.1377036017435192,0.4162853981639304,0.2799607812629273,0.19049868107021728,0.24240711289187242,0.23781784550506302,0.11788362680217443,0.606698937523075,0.4508921074471684,0.45874500415897423,0.2800386164736367,0,0,0.19900459182628424,0.07093932244849599,0.16366207140332273,0.09901784501614627,0.3140989683681682,0.608,0.27621062973529575,0,0,0.0,0.0,0.0,0.0
2015/09/01,0.27309236947791166,0.2943330959405839,0.1548765977046789,0.4506793467059105,0.26674364896073893,0.16681598279878151,0.19174247725682292,0.26281871672737467,0.40254039413467824,0.3503315587933128,0.26777902126360764,0.44022789703937326,0.092350209188961,0.10551567957624838,0.446253875948199,0.42593912625180397,0.27095292766934553,0.27922814982973887,0.16800858829844334,0.21677614957049018,0.19174247725682292,0.19174247725682292,0.24908659924146653,0.1622889424179858,0.4332726721261754,0.2629396517978752,0.18286396181384246,0.43879560394071543,0.4264498189532678,0.34225328780767805,0.5345407556303073,0.4508921074471684,0.45874500415897423,0.2800386164736367,0,0,0.2139806887235909,0.09492608745482722,0.11028632025450691,0.14629385996030836,0.3386215642757847,0.608,0.32316209118219436,0,0,0.0,0.0,0.0,0.0
2015/10/01,0.2806575137760344,0.30186183741987993,0.12862242352128359,0.4271722193366476,0.26674364896073893,0.16681598279878151,0.19174247725682292,0.27309236947791166,0.3565891472868218,0.384234612870085,0.2943330959405839,0.34947604028894086,0.1548765977046789,0.18573676735884545,0.46920592684784823,0.4220820396204137,0.27095292766934553,0.27922814982973887,0.16800858829844334,0.21677614957049018,0.19174247725682292,0.19174247725682292,0.22053624104509068,0.13384205092911222,0.4433949770811708,0.24011597681945424,0.16854415274463008,0.4323169130346067,0.3879619668137069,0.20152224651382653,0.18925626615252084,0.4508921074471684,0.45874500415897423,0.2800386164736367,0,0,0.21378033314315395,0.08797029656374075,0.11276069282431955,0.12369436228849204,0.3382923200741409,0.608,0.30754624293838684,0,0,0.0,0.0,0.0,0.0
2015/11/01,0.24180442701036708,0.26340421202563835,0.3542778182934787,0.44930457652131595,0.26674364896073893,0.16681598279878151,0.19174247725682292,0.2806575137760344,0.26281871672737467,0.4268235733632203,0.30186183741987993,0.26777902126360764,0.12862242352128359,0.092350209188961,0.4447324656931645,0.45471859010801596,0.27095292766934553,0.27922814982973887,0.16800858829844334,0.21677614957049018,0.19174247725682292,0.19174247725682292,0.21263485040033714,0.2643002982335399,0.4505354846702295,0.1993450372121109,0.27246744546330026,0.33184936555496,0.303366511574136,0.5754417859675186,0.5353817122697625,0.4508921074471684,0.45874500415897423,0.2800386164736367,0,2,0.18653032433161473,0.14943350971501906,0.09932838458819372,0.28524740372549934,0.2936736336365632,0.608,0.4496381808906607,0,0,0.0,0.0,0.0,0.0
2015/12/01,0.18333800317549265,0.20999084342252514,0.34475876098721847,0.45759648124788743,0.26674364896073893,0.16681598279878151,0.19174247725682292,0.24180442701036708,0.27309236947791166,0.40254039413467824,0.26340421202563835,0.2943330959405839,0.3542778182934787,0.1548765977046789,0.4677746424471313,0.478106004285652,0.27095292766934553,0.27922814982973887,0.16800858829844334,0.21677614957049018,0.19174247725682292,0.19174247725682292,0.17888748419721873,0.3588747419132828,0.4529256216705754,0.15104276645217368,0.3594607042666331,0.2776572053957849,0.2671994395617953,0.22937681483607386,0.42844689666488905,0.4508921074471684,0.45874500415897423,0.2800386164736367,0,1,0.1378292038704679,0.12070426067799442,0.06362672322375398,0.28101917077333805,0.21393556569031535,0.608,0.41577077861960815,0,0,0.0,0.0,0.0,0.0
2016/01/01,0.11506491080601478,0.1539322413266863,0.22949372433117107,0.47472236650095234,0.26674364896073893,0.16681598279878151,0.19174247725682292,0.18333800317549265,0.2806575137760344,0.3565891472868218,0.20999084342252514,0.30186183741987993,0.34475876098721847,0.12862242352128359,0.4764074117785909,0.4531683211614992,0.27095292766934553,0.27922814982973887,0.16800858829844334,0.21677614957049018,0.19174247725682292,0.19174247725682292,0.1166245259165613,0.40911562284927744,0.46935113867920897,0.09782086570175735,0.3753716032324248,0.22795111888241604,0.2461019089926348,0.13118415943545936,0.4941645813676827,0.4508921074471684,0.45874500415897423,0.2800386164736367,0,1,0.08153517642216893,0.06518334042957255,0.0,0.20403443725256076,0.12177157768943742,0.608,0.2900032119712056,0,1,0.0,0.0,0.0,0.0
2016/02/01,0.12888764359764643,0.140095635364737,0.1739914789083791,0.4934023397887761,0.24133949191685905,0.16681598279878151,0.19174247725682292,0.11506491080601478,0.24180442701036708,0.26281871672737467,0.1539322413266863,0.26340421202563835,0.22949372433117107,0.3542778182934787,0.494237309957834,0.4766475707351203,0.27095292766934553,0.27922814982973887,0.16800858829844334,0.21677614957049018,0.19174247725682292,0.19174247725682292,0.07416772018541934,0.31932037164487276,0.4845826551666689,0.06830802514642198,0.4050579910396517,0.46277535168571904,0.336887549144029,0.17352259681939425,0.5040714608032162,0.363029684993952,0.45874500415897423,0.2800386164736367,0,1,0.09727836608007637,0.05714484245518434,0.10038882997525629,0.16837237965307328,0.16400019510767505,0.5688890666666666,0.26254085816313033,0,0,0.0,0.0,0.0,0.0
2016/03/01,0.1852059400392267,0.2136534744124529,0.19690630637546538,0.46560601188856743,0.2130484988452655,0.2381293674968642,0.2354793561931421,0.12888764359764643,0.18333800317549265,0.27309236947791166,0.140095635364737,0.20999084342252514,0.1739914789083791,0.34475876098721847,0.5136851818074527,0.48544408973630127,0.24569460390355913,0.27922814982973887,0.16800858829844334,0.21677614957049018,0.19174247725682292,0.19174247725682292,0.07487041719342608,0.2456796283551273,0.487350856732753,0.048940686599565075,0.42034082820416185,0.5986511513930259,0.579650640630217,0.26841478289495896,0.16335069942979039,0.3493809643181359,0.6396589351286963,0.4346743228752291,0,1,0.14126935831609602,0.08077891791303018,0.05797101449275363,0.17889005337490343,0.26182230568495,0.5253333333333333,0.31436695826326827,0,1,0.0,1.0,0.0,0.0
2016/04/01,0.21668067619314468,0.24621019432292193,0.10286723218055502,0.45593933697740163,0.15531177829099302,0.2381293674968642,0.2354793561931421,0.1852059400392267,0.11506491080601478,0.2806575137760344,0.2136534744124529,0.1539322413266863,0.19690630637546538,0.22949372433117107,0.4847461991566796,0.5036121922420957,0.2175660160734787,0.27922814982973887,0.23921989622472706,0.21677614957049018,0.2354793561931421,0.19174247725682292,0.1130773282764434,0.1826106905253499,0.48086181633324354,0.03484367455857312,0.4109760080391911,0.5018163960866208,0.4474472712715891,0.1202534650707364,0.2941297124338516,0.23470785945322367,0.45874500415897423,0.2800386164736367,0,0,0.16643556643238153,0.06281362101431742,0.0639802050194415,0.11082640892108905,0.36475379850254863,0.4364442666666667,0.26477034405879796,0,0,0.0,0.0,0.0,0.0
2016/05/01,0.264873447277482,0.30684708515617054,0.11480443710897018,0.4655771561425639,0.15531177829099302,0.2381293674968642,0.2354793561931421,0.21668067619314468,0.12888764359764643,0.24180442701036708,0.24621019432292193,0.140095635364737,0.10286723218055502,0.1739914789083791,0.47468214542450327,0.5234289587615342,0.1601607347876004,0.2542565266742338,0.23921989622472706,0.21677614957049018,0.2354793561931421,0.19174247725682292,0.16420880741677202,0.1531314521679284,0.47125000533989503,0.039926304337893626,0.3238990076623539,0.5368663481993711,0.5001074115709438,0.2573105184522403,0.4382307092751364,0.4508921074471684,0.45874500415897423,0.2800386164736367,0,0,0.21099343028258857,0.07901104078851862,0.03570166136443974,0.1208762160376077,0.45144257737238747,0.47555573333333334,0.2925066601167646,0,0,0.0,0.0,0.0,0.0
2016/06/01,0.27897637059867375,0.3277037338488147,0.12186696349748591,0.47332698506921256,0.15531177829099302,0.2381293674968642,0.2354793561931421,0.264873447277482,0.1852059400392267,0.18333800317549265,0.30684708515617054,0.2136534744124529,0.11480443710897018,0.19690630637546538,0.48471615720524,0.49394105042200565,0.1601607347876004,0.22644721906923948,0.23921989622472706,0.28381337375779003,0.2354793561931421,0.2354793561931421,0.19946586599241467,0.11575705437026845,0.47391781688004875,0.06100143612692743,0.24285056316208176,0.4472503150990792,0.41178835520532003,0.24904721106121483,0.4236780571850515,0.4508921074471684,0.45874500415897423,0.2800386164736367,0,0,0.22555449268485808,0.08516123781297044,0.01661364439731354,0.1272406614190467,0.47976977294344314,0.5191109333333334,0.30230317229391424,0,0,0.0,0.0,0.0,0.0
2016/07/01,0.24815541234706273,0.285888696713806,0.21567573791885772,0.47111127600108826,0.16801385681293296,0.2381293674968642,0.2354793561931421,0.27897637059867375,0.21668067619314468,0.11506491080601478,0.3277037338488147,0.24621019432292193,0.12186696349748591,0.10286723218055502,0.4927845670203749,0.48368609787029326,0.1601607347876004,0.1696935300794551,0.23921989622472706,0.28381337375779003,0.2354793561931421,0.2354793561931421,0.21130109565950278,0.1719431062170223,0.4791573218504229,0.09032904964948868,0.23782606875183188,0.34893744978184693,0.30120361351505015,0.3810517397103015,0.3496431062066703,0.5030897023712462,0.45874500415897423,0.2800386164736367,0,1,0.19783562688369563,0.1073363855467048,0.04524566984800283,0.1933927018485596,0.41077482135453514,0.6275557333333334,0.3561320309104994,0,0,0.0,0.0,0.0,0.0
2016/08/01,0.256467731390679,0.2866008749618475,0.15476144781790965,0.46586571360259854,0.16801385681293296,0.2381293674968642,0.2354793561931421,0.24815541234706273,0.264873447277482,0.12888764359764643,0.285888696713806,0.30684708515617054,0.21567573791885772,0.11480443710897018,0.49047777432056916,0.4939104386233437,0.1727898966704936,0.1696935300794551,0.23921989622472706,0.28381337375779003,0.2354793561931421,0.2354793561931421,0.20814053940160138,0.19184445973847214,0.4792577118763536,0.11844280868393714,0.23083364736423395,0.43504077494359455,0.37527704851983407,0.16500500135057566,0.3271628994544038,0.4508921074471684,0.45874500415897423,0.2800386164736367,0,0,0.20371458561738773,0.09002082363252517,0.07423117709437965,0.14916309043326315,0.42196912421042376,0.6275557333333334,0.3171065807621819,0,0,0.0,0.0,0.0,0.0
2016/09/01,0.2632857009433081,0.2912809034489775,0.17706214255555983,0.4619557600191273,0.20034642032332556,0.2381293674968642,0.2354793561931421,0.256467731390679,0.27897637059867375,0.1852059400392267,0.2866008749618475,0.3277037338488147,0.15476144781790965,0.12186696349748591,0.4850165767196334,0.5021318931210916,0.1727898966704936,0.1696935300794551,0.23921989622472706,0.28381337375779003,0.2354793561931421,0.2354793561931421,0.20224083438685214,0.21933585684790097,0.47532968511707197,0.13564793033487815,0.22361847339111507,0.4312576334033336,0.3827984467165275,0.2691000945402978,0.336956967633425,0.5809662651716677,0.45874500415897423,0.2800386164736367,0,1,0.20860374329828055,0.09950662220305281,0.08377518557794274,0.16411860458987682,0.39459307855522774,0.6773333333333333,0.33505583161713304,0,0,0.0,0.0,0.0,0.0
2016/10/01,0.29083776968338476,0.3380811883202768,0.10490154684681227,0.4625266915650532,0.20034642032332556,0.2381293674968642,0.2354793561931421,0.2632857009433081,0.24815541234706273,0.21668067619314468,0.2912809034489775,0.285888696713806,0.17706214255555983,0.21567573791885772,0.48094589229960427,0.49978134429527277,0.2049368541905855,0.18217934165720773,0.23921989622472706,0.28381337375779003,0.2354793561931421,0.2354793561931421,0.2182890855457228,0.1641626519844001,0.47236497541512346,0.15198865916620657,0.22435791148515682,0.477554499204808,0.46176450034639155,0.14319109379748118,0.3702875661484186,0.4508921074471684,0.45874500415897423,0.2800386164736367,0,0,0.23282354810887743,0.08227217334829726,0.025450689289501595,0.11336480824158782,0.4383825573738508,0.6577776,0.29445273678840667,0,0,0.0,0.0,0.0,0.0
2016/11/01,0.24610068179695527,0.29616441143554784,0.0940390741949104,0.4810355915015705,0.20034642032332556,0.2381293674968642,0.2354793561931421,0.29083776968338476,0.256467731390679,0.264873447277482,0.3380811883202768,0.2866008749618475,0.10490154684681227,0.15476144781790965,0.48154029376736796,0.4942165566099619,0.2049368541905855,0.18217934165720773,0.23921989622472706,0.28381337375779003,0.2354793561931421,0.2354793561931421,0.2143910661609777,0.13391832989217717,0.47760448038549763,0.14785192210091908,0.2168069338022861,0.321274142544868,0.3025201601597111,0.22064608164230004,0.5040201829593469,0.4508921074471684,0.45874500415897423,0.2800386164736367,0,0,0.1986621150402292,0.0673969241263459,0.0017674089784376068,0.10872627979152771,0.37661878399141535,0.6577776,0.2710714758062992,0,0,0.0,0.0,0.0,0.0
2016/12/01,0.32623517325114415,0.3603621935090039,0.1679653015007869,0.4844508751535537,0.24133949191685905,0.2381293674968642,0.2354793561931421,0.24610068179695527,0.2632857009433081,0.27897637059867375,0.29616441143554784,0.2912809034489775,0.0940390741949104,0.17706214255555983,0.5008100597620248,0.4900686578912845,0.2049368541905855,0.21396140749148695,0.23921989622472706,0.28381337375779003,0.2354793561931421,0.2354793561931421,0.23806047197640118,0.1293874741913283,0.4853750955841204,0.15826662073036252,0.2335694845706151,0.6029810179042665,0.4931511103940754,0.36059684893810984,0.3911576486031916,0.6074410839148074,0.45874500415897423,0.2800386164736367,0,1,0.2706674712828149,0.11551690058418013,0.08200777659950514,0.16222970466427328,0.4585274248225739,0.6711109333333333,0.34865947437035916,0,1,0.0,0.0,0.0,0.0
2017/01/01,0.338096572335855,0.3657544002441754,0.1795570567688942,0.48944291921215566,0.28060046189376436,0.3442035477512989,0.3054583624912527,0.32623517325114415,0.29083776968338476,0.24815541234706273,0.3603621935090039,0.3380811883202768,0.1679653015007869,0.10490154684681227,0.5043657393002371,0.49067433419337925,0.24569460390355913,0.21396140749148695,0.23921989622472706,0.28381337375779003,0.2354793561931421,0.2354793561931421,0.2558291192583228,0.16657146134434503,0.4946729207516861,0.1780859132371882,0.2204362935979568,0.43896840808332865,0.3827225252848564,0.2536502473241719,0.40266439676744475,0.5917650122541563,0.7120308836443627,0.5158601127676502,0,1,0.2828070958286295,0.12367250034742963,0.10816542948038177,0.17156473810214,0.43696802672975144,0.7315557333333333,0.3598919266159049,0,0,0.0,1.0,0.0,0.0
2017/02/01,0.3408050807882693,0.3756231559670363,0.21414040609526733,0.46728995078034186,0.28060046189376436,0.3442035477512989,0.3054583624912527,0.338096572335855,0.24610068179695527,0.256467731390679,0.3657544002441754,0.29616441143554784,0.1795570567688942,0.0940390741949104,0.5095629968992413,0.510309616477894,0.2847301951779563,0.21396140749148695,0.3451422436929682,0.28381337375779003,0.3054583624912527,0.2354793561931421,0.2914380530973452,0.22639022711631113,0.4899246861209722,0.19667035885885326,0.2420273834945359,0.4208971952032694,0.3898643163231941,0.283241571563629,0.20404479632440417,0.4508921074471684,0.45874500415897423,0.2800386164736367,0,1,0.27801140645804423,0.13820308827592392,0.08412866737363026,0.1914450145245417,0.42926127356534893,0.7315557333333333,0.3845579760802615,0,0,0.0,0.0,0.0,0.0
2017/03/01,0.3101709162230317,0.33350289958286705,0.1467009557440602,0.44313975250014415,0.3163972286374133,0.3442035477512989,0.3054583624912527,0.3408050807882693,0.32623517325114415,0.2632857009433081,0.3756231559670363,0.3603621935090039,0.21414040609526733,0.1679653015007869,0.4864993616085319,0.5139327415052259,0.2847301951779563,0.2542565266742338,0.3451422436929682,0.28381337375779003,0.3054583624912527,0.2354793561931421,0.2853982300884956,0.21579892177104837,0.4756543507328471,0.2070010879001058,0.23098773185948163,0.3573492039782052,0.30712462244185756,0.15689679913563156,0.18661032940886904,0.5723068236301995,0.45874500415897423,0.2800386164736367,0,0,0.24377739123786404,0.10273924061566195,0.11452810180275716,0.1391469340344575,0.34264566007365327,0.7235557333333333,0.32934041226595123,0,0,0.0,0.0,0.0,0.0
2017/04/01,0.3168954889324741,0.3511038762844644,0.234291636279891,0.41706858598600083,0.3163972286374133,0.3442035477512989,0.3054583624912527,0.3101709162230317,0.338096572335855,0.29083776968338476,0.33350289958286705,0.3657544002441754,0.1467009557440602,0.1795570567688942,0.46135639410748575,0.519228582673722,0.3203214695752009,0.2928490351872871,0.3451422436929682,0.3835270338554825,0.3054583624912527,0.3054583624912527,0.2774262536873156,0.24306033493920626,0.4506529623601482,0.21274312591610195,0.2780362601013273,0.42933530935358555,0.40418068265445484,0.3626343189722119,0.16888870656766627,0.4508921074471684,0.45874500415897423,0.2800386164736367,0,1,0.24148098924474035,0.13771170370091482,0.07882644043831744,0.1938990843355909,0.3391337219227861,0.6631109333333333,0.3919738507755966,0,0,0.0,0.0,0.0,0.0
2017/05/01,0.2984029139815074,0.32485502085664864,0.16950063332437723,0.4146673756935684,0.3163972286374133,0.3442035477512989,0.3054583624912527,0.3168954889324741,0.3408050807882693,0.24610068179695527,0.3511038762844644,0.3756231559670363,0.234291636279891,0.21414040609526733,0.43421349098205,0.49572746752962793,0.3203214695752009,0.2928490351872871,0.3451422436929682,0.3835270338554825,0.3054583624912527,0.3054583624912527,0.26148335440370835,0.22082702454691444,0.4324759597927267,0.22426918674218982,0.30547586149143735,0.37875641547583133,0.33033069822697575,0.16351039943275822,0.3475202034704845,0.4508921074471684,0.45874500415897423,0.2800386164736367,0,1,0.2251478908694904,0.107644504437964,0.10003534817956876,0.14924823080338046,0.31414774528693024,0.6631109333333333,0.34158369074385475,0,0,0.0,0.0,0.0,0.0
2017/06/01,0.2614177640795741,0.2912809034489775,0.26242659194718465,0.41525891848663976,0.32909930715935326,0.3442035477512989,0.3054583624912527,0.2984029139815074,0.3101709162230317,0.32623517325114415,0.32485502085664864,0.33350289958286705,0.16950063332437723,0.1467009557440602,0.43171357145156264,0.4701075786067259,0.3203214695752009,0.32803632236095337,0.3451422436929682,0.3835270338554825,0.3054583624912527,0.3054583624912527,0.2431521281078804,0.27846639137416845,0.42284492517739125,0.2099857128215386,0.33982330527990623,0.3388943073238691,0.3151981765052502,0.3625694280311983,0.3706054887804078,0.49192831987850494,0.45874500415897423,0.2800386164736367,0,1,0.19413391271301497,0.1274770627217113,0.0767055496641923,0.21262672231873714,0.2574567714557472,0.6275557333333334,0.3935137075594687,0,0,0.0,0.0,0.0,0.0
2017/07/01,0.28112449799196787,0.3060331671584088,0.1703834491229417,0.41476012630572257,0.32909930715935326,0.3442035477512989,0.3054583624912527,0.2614177640795741,0.3168954889324741,0.338096572335855,0.2912809034489775,0.3511038762844644,0.26242659194718465,0.234291636279891,0.43232943145606895,0.44244981851576504,0.3329506314580941,0.32803632236095337,0.3451422436929682,0.3835270338554825,0.3054583624912527,0.3054583624912527,0.22970185419300465,0.24663569626061016,0.42204821284394256,0.19743102454011213,0.33648787840723526,0.4601354511115602,0.40161315787430346,0.13827731961373535,0.3621856668170817,0.4508921074471684,0.45874500415897423,0.2800386164736367,0,1,0.21060971891507732,0.10269965301328093,0.10003534817956876,0.1498677283535677,0.28223544618686447,0.6275557333333334,0.3366334762975419,0,0,0.0,0.0,0.0,0.0
2017/08/01,0.31119828149808537,0.3203784718689592,0.3074885809695621,0.40536758098159,0.3677829099307159,0.3442035477512989,0.3054583624912527,0.28112449799196787,0.2984029139815074,0.3408050807882693,0.3060331671584088,0.32485502085664864,0.1703834491229417,0.16950063332437723,0.43181013486690356,0.4399024795556916,0.3329506314580941,0.32803632236095337,0.3451422436929682,0.3835270338554825,0.3054583624912527,0.3054583624912527,0.23451327433628327,0.3153630419821059,0.41883573201416546,0.19090732844580932,0.3704308503956789,0.48055465248305884,0.4000119058608757,0.42135428976601275,0.29349386716987325,0.5737914383970054,0.45874500415897423,0.2800386164736367,0,1,0.23308288356190124,0.16298824940300236,0.1640155531990103,0.24060709138197012,0.2868082823208058,0.6871109333333333,0.44102254048028416,0,0,0.0,0.0,0.0,0.0
2017/09/01,0.35275987671616704,0.33848814731915755,0.2192070011131156,0.41586282802799834,0.39434180138568126,0.3442035477512989,0.3054583624912527,0.31119828149808537,0.2614177640795741,0.3101709162230317,0.3203784718689592,0.2912809034489775,0.3074885809695621,0.26242659194718465,0.42203147967340093,0.44053002142825903,0.37141216991963255,0.3405221339387059,0.3451422436929682,0.3835270338554825,0.3054583624912527,0.3054583624912527,0.268857985672145,0.2938368891947694,0.4190429199400224,0.20029216477302897,0.39679604739773056,0.49974372266985323,0.405890640354139,0.1504657375831448,0.4476658325470731,0.5312146339207703,0.45874500415897423,0.2800386164736367,0,1,0.27136608824024444,0.1443020705700227,0.25839519264757865,0.18334248930170705,0.3213789234934029,0.7084442666666666,0.3911047291552516,0,0,0.0,0.0,0.0,0.0
2017/10/01,0.3654618473895582,0.3563943432699155,0.12681840862856483,0.4273680261845285,0.39434180138568126,0.3442035477512989,0.3054583624912527,0.35275987671616704,0.28112449799196787,0.3168954889324741,0.33848814731915755,0.3060331671584088,0.2192070011131156,0.1703834491229417,0.4329581665826209,0.440000874622819,0.3978185993111365,0.3405221339387059,0.3451422436929682,0.3835270338554825,0.3054583624912527,0.3054583624912527,0.3005689001264223,0.2721381050699702,0.4233981382990083,0.21099458272671484,0.35771636729054135,0.4393569733305606,0.4044024077446763,0.1281416711685856,0.4548139639824425,0.4508921074471684,0.45874500415897423,0.2800386164736367,0,0,0.28600613674208475,0.11033009416312636,0.2442559208200778,0.12249063962716622,0.3416701216984124,0.7084442666666666,0.330200086912162,0,0,0.0,0.0,0.0,0.0
2017/11/01,0.41402820584664235,0.40787465662834466,0.1311941043257974,0.4234065444831936,0.41685912240184747,0.3442035477512989,0.3054583624912527,0.3654618473895582,0.31119828149808537,0.2984029139815074,0.3563943432699155,0.3203784718689592,0.12681840862856483,0.3074885809695621,0.444936321792217,0.43003673415839416,0.3978185993111365,0.37854710556186144,0.3451422436929682,0.3835270338554825,0.3054583624912527,0.3054583624912527,0.33923303834808266,0.1843312686395962,0.4296308637386955,0.23647317850823085,0.34378763136959334,0.5039857226679006,0.45855940808891094,0.24463304436641117,0.3357262993805637,0.5168163044774521,0.45874500415897423,0.2800386164736367,0,0,0.3258637227147205,0.12547553569223766,0.2492046659597031,0.12477483412831461,0.3787527741872546,0.6835557333333333,0.3438037296653882,0,0,0.0,0.0,0.0,0.0
2017/12/01,0.4295320818156346,0.4204903855936515,0.09327140828311517,0.41106040744313366,0.4301385681293302,0.3442035477512989,0.3054583624912527,0.41402820584664235,0.35275987671616704,0.2614177640795741,0.40787465662834466,0.33848814731915755,0.1311941043257974,0.2192070011131156,0.44081199103033175,0.4411706826431103,0.4202066590126291,0.4046538024971622,0.3451422436929682,0.3835270338554825,0.3054583624912527,0.3054583624912527,0.3680994521702487,0.1216070199587061,0.4279712243738437,0.2735185850630451,0.28227944563078333,0.44155363616038956,0.39281231100524294,0.18176849444575752,0.2712905607745006,0.48874491641132106,0.45874500415897423,0.2800386164736367,0,0,0.334306497157258,0.1121248244165258,0.26405090137857906,0.09679203248307833,0.3797039241031144,0.6631109333333333,0.32054527934702515,0,0,0.0,0.0,0.0,0.0
2018/01/01,0.47352199495657044,0.47970291993081693,0.13054158830077153,0.3987080870289299,0.4301385681293302,0.4165920086006091,0.42354793561931425,0.4295320818156346,0.3654618473895582,0.28112449799196787,0.4204903855936515,0.3563943432699155,0.09327140828311517,0.12681840862856483,0.4279583275216462,0.4533760440809902,0.43340987370838113,0.4046538024971622,0.3451422436929682,0.3835270338554825,0.3054583624912527,0.3054583624912527,0.4087305099030764,0.1234612296398257,0.41807105905069475,0.3159145831712597,0.26779215341456264,0.4871465935617276,0.46067571799674406,0.2999855446196441,0.2703675595848546,0.4508921074471684,0.6177047678944576,0.6502253151739471,0,0,0.36622747722919824,0.14147972367299863,0.22481442205726404,0.11983750352217601,0.42211545496670977,0.6631109333333333,0.3541292723940522,0,0,0.0,1.0,1.0,0.0
2018/02/01,0.43840478191837107,0.4647471767219452,0.023298660422983897,0.41488379378859475,0.438799076212471,0.4165920086006091,0.42354793561931425,0.47352199495657044,0.41402820584664235,0.31119828149808537,0.47970291993081693,0.40787465662834466,0.13054158830077153,0.1311941043257974,0.41509822645193817,0.4491734814361308,0.43340987370838113,0.4267877412031781,0.4174270889246735,0.3835270338554825,0.42354793561931425,0.3054583624912527,0.4178961230509903,0.06972183987153013,0.41512770892873163,0.34394560746440245,0.16445505171042163,0.3625704274510608,0.35401473393420546,0.078582401998852,0.4924929236575461,0.47520084890759123,0.45874500415897423,0.2800386164736367,0,0,0.3432462497429254,0.08133508220102639,0.1438670908448215,0.04979373731763234,0.3848255005731288,0.6417776,0.2737355225121394,0,0,0.0,0.0,0.0,0.0
2018/03/01,0.44494256094144014,0.469834164207956,0.2055041645875715,0.4275700164065528,0.4549653579676673,0.4165920086006091,0.42354793561931425,0.43840478191837107,0.4295320818156346,0.35275987671616704,0.4647471767219452,0.4204903855936515,0.023298660422983897,0.09327140828311517,0.43193888608735775,0.43607600472296326,0.4420206659012629,0.43984108967082847,0.4174270889246735,0.3835270338554825,0.42354793561931425,0.3054583624912527,0.42369047619047634,0.12562170222528107,0.420830716784785,0.36425883872529224,0.15947242808692375,0.4261721148786319,0.3808564110041214,0.6263917260357227,0.4640029536038069,0.49581995760329634,0.45874500415897423,0.2800386164736367,0,1,0.35372431864070475,0.16934441269438757,0.15093672675857195,0.1765880199390638,0.38609370046094194,0.6462224,0.40113741568575584,0,0,0.0,0.0,0.0,0.0
2018/04/01,0.5018212384421407,0.505646556109472,0.24887728860399957,0.4405015128655403,0.4549653579676673,0.4165920086006091,0.42354793561931425,0.44494256094144014,0.47352199495657044,0.3654618473895582,0.469834164207956,0.47970291993081693,0.2055041645875715,0.13054158830077153,0.4451466154522924,0.4229719683386539,0.4580941446613087,0.43984108967082847,0.4174270889246735,0.45157486946269165,0.42354793561931425,0.42354793561931425,0.4343310155920776,0.18456067905482915,0.4352676568967947,0.39430760282878713,0.20385546204413185,0.5057684365911307,0.4223362577463586,0.2913044028767262,0.4649567214997744,0.4508921074471684,0.45874500415897423,0.2800386164736367,0,1,0.4076652251591466,0.2107779600591544,0.24178154825026515,0.20952315311279274,0.4557715289125186,0.6462224,0.4405596387477091,0,0,0.0,0.0,0.0,0.0
2018/05/01,0.5473055010740637,0.5435954827551124,0.25812766284113153,0.47836643499624887,0.4699769053117782,0.48826375201576766,0.4797060881735479,0.5018212384421407,0.43840478191837107,0.41402820584664235,0.505646556109472,0.4647471767219452,0.24887728860399957,0.023298660422983897,0.4586097014044611,0.4401320680456555,0.4580941446613087,0.4483541430192961,0.4174270889246735,0.45157486946269165,0.42354793561931425,0.42354793561931425,0.4752770754319427,0.30152213810506995,0.4571954017096208,0.4236759662985588,0.250010467696688,0.481645173541245,0.4224984535322015,0.24837245078839856,0.6529105304180169,0.49185530603751454,0.6079463941548298,0.43754225642219,1,1,0.46403548892016766,0.23253176282209218,0.28207847295864263,0.22530006912587192,0.5150110967490185,0.656,0.4533980765960663,0,0,0.0,1.0,0.0,0.0
2018/06/01,0.5233025123750817,0.5221283955641469,0.17483591141135377,0.48413758419694464,0.4699769053117782,0.48826375201576766,0.4797060881735479,0.5473055010740637,0.44494256094144014,0.4295320818156346,0.5435954827551124,0.469834164207956,0.25812766284113153,0.2055041645875715,0.4980311792538866,0.453590326671623,0.4730195177956371,0.46424517593643577,0.4889962426194311,0.45157486946269165,0.4797060881735479,0.42354793561931425,0.5047408343868522,0.28624684560679053,0.4767372814380978,0.44433865922794896,0.2796692207846585,0.38311654711939397,0.34791168612009565,0.14696004406253166,0.408571604381179,0.4508921074471684,0.45874500415897423,0.2800386164736367,1,1,0.4453777696280884,0.17889000792305718,0.26581831035701664,0.16708635463396737,0.49130551423066615,0.6311109333333333,0.39240841158576906,0,0,0.0,0.0,0.0,0.0
2018/07/01,0.5218081628840945,0.553769457727134,0.19809618853874797,0.5026196895121731,0.5011547344110854,0.48826375201576766,0.4797060881735479,0.5233025123750817,0.5018212384421407,0.47352199495657044,0.5221283955641469,0.505646556109472,0.17483591141135377,0.24887728860399957,0.5040395695417531,0.4673087855862159,0.4730195177956371,0.46424517593643577,0.4889962426194311,0.45157486946269165,0.4797060881735479,0.42354793561931425,0.512255583649389,0.2609543473273686,0.49819511549124884,0.4549793348373768,0.30423313654063555,0.4136111086703746,0.4134577639585435,0.2688072939527974,0.5016921688476843,0.5345586678381332,0.45874500415897423,0.2800386164736367,0,1,0.4521891260864529,0.1908858819536454,0.15022976316719688,0.18774181385477073,0.473648269638807,0.6791109333333333,0.40831711602773635,0,0,0.0,0.0,0.0,0.0
2018/08/01,0.5057439058559821,0.524061450808831,0.20849806164357274,0.5220973180645212,0.5011547344110854,0.48826375201576766,0.4797060881735479,0.5218081628840945,0.5473055010740637,0.43840478191837107,0.553769457727134,0.5435954827551124,0.19809618853874797,0.25812766284113153,0.5232814394386446,0.5074780251016751,0.5040183696900113,0.4790011350737797,0.4889962426194311,0.5189489641232946,0.4797060881735479,0.4797060881735479,0.4966287399915719,0.23623537508602893,0.513300610456796,0.4698184898563503,0.3715755977054809,0.39309427783977247,0.3384327228272451,0.25105144427187087,0.5071276202978218,0.4508921074471684,0.45874500415897423,0.2800386164736367,0,1,0.44612733708050645,0.19108797251125478,0.19264757864969956,0.19960794886712624,0.46619759529790505,0.656,0.4131728607327073,0,0,0.0,0.0,0.0,0.0
2018/09/01,0.5651442981227235,0.5461389764981178,0.06383142056576976,0.5766388002605263,0.5207852193995379,0.56728184913098,0.5619314205738278,0.5057439058559821,0.5233025123750817,0.44494256094144014,0.524061450808831,0.5221283955641469,0.20849806164357274,0.17483591141135377,0.5435597566601932,0.5136003848340405,0.5040183696900113,0.4790011350737797,0.4889962426194311,0.5189489641232946,0.4797060881735479,0.4797060881735479,0.5123609355246523,0.1809474650149117,0.545254542114684,0.4963059555430424,0.320060293932923,0.5013194621397838,0.4014319817305428,0.06168648917851233,0.7557738852196744,0.5018216953327119,0.6151861974223054,0.49965251463054916,0,0,0.5257631562879607,0.12862427268161988,0.34075645104277136,0.10125784761090037,0.5464722093505354,0.6862224,0.3211120977950762,0,0,0.0,1.0,0.0,1.0
2018/10/01,0.5851312225646773,0.551429443483569,0.12896787318159134,0.6030830303480004,0.5207852193995379,0.4954309263572835,0.5094471658502447,0.5651442981227235,0.5218081628840945,0.5018212384421407,0.5461389764981178,0.553769457727134,0.06383142056576976,0.19809618853874797,0.600343336587878,0.5332072418769407,0.52353616532721,0.5096481271282632,0.5679012345679012,0.5189489641232946,0.5619314205738278,0.4797060881735479,0.5361704593341763,0.1465169763707272,0.5799574517166693,0.514663189337838,0.27645940627224386,0.4421931091175175,0.3803120198292976,0.35734913647567274,0.5480781064117817,0.4508921074471684,0.32377976854656165,0.14900990254686336,0,0,0.5573717972377082,0.17113775876588555,0.3980205019441499,0.15577241573637296,0.584493817525547,0.6382224,0.368687059534831,0,0,0.0,0.0,0.0,0.0
2018/11/01,0.4330811618567293,0.4111303286193916,0.08440486700188074,0.5655107879267558,0.5011547344110854,0.4746461207668876,0.4919524142757171,0.5851312225646773,0.5057439058559821,0.5473055010740637,0.551429443483569,0.524061450808831,0.12896787318159134,0.20849806164357274,0.6278746392283511,0.5538702059736738,0.52353616532721,0.5096481271282632,0.4961531579889066,0.5189489641232946,0.5094471658502447,0.4797060881735479,0.5088495575221239,0.08470979582473048,0.5949540128242917,0.4894933052776121,0.2132897877151111,0.21955986687246953,0.20576519744317326,0.17149515058918863,0.11188825532264018,0.40100661748778843,0.4177957726272834,0.23446300145597943,0,0,0.3965881915793362,0.10885427941981737,0.3100035348179569,0.11520424566645651,0.40536058337194836,0.608,0.31507548132333213,0,1,0.0,0.0,0.0,0.0
2018/12/01,0.36406089474175773,0.3354359548275512,0.1235558285034353,0.5468596703849355,0.5017321016166281,0.4746461207668876,0.4919524142757171,0.4330811618567293,0.5651442981227235,0.5233025123750817,0.4111303286193916,0.5461389764981178,0.08440486700188074,0.06383142056576976,0.5887578726006674,0.6117308785586217,0.5040183696900113,0.5289443813847899,0.47539810341742694,0.5932289034866095,0.4919524142757171,0.5619314205738278,0.4332416772018543,0.11445687084193629,0.5846672391034101,0.45440266134200685,0.19464388895867346,0.30428466407167565,0.2612344307143603,0.30497950923456124,0.23666776059400255,0.4523888911874728,0.45874500415897423,0.2800386164736367,0,0,0.32545439555505384,0.10860069729547467,0.31177094379639453,0.14154667618076516,0.31761090651903523,0.5786666666666667,0.3276021690252612,0,0,0.0,0.0,0.0,0.0
2019/01/01,0.3832072475950312,0.3543595482755113,0.11131155721030209,0.5443224258613439,0.42725173210161654,0.41533775309084364,0.46221133659902025,0.36406089474175773,0.5851312225646773,0.5218081628840945,0.3354359548275512,0.551429443483569,0.1235558285034353,0.12896787318159134,0.5693400427024881,0.6397844054751389,0.5045924225028702,0.5289443813847899,0.47539810341742694,0.5256863735893548,0.4919524142757171,0.5094471658502447,0.35731879477454703,0.10566299610002294,0.5643692302434565,0.42386119333133293,0.1630867143993635,0.45060193443010266,0.4063297768168732,0.2194838479589425,0.3482073265783321,0.25778023320620813,0.34022438173297354,0.20142201705036808,0,0,0.3423068614490197,0.10849632998010653,0.31848709791445745,0.13194932931687015,0.3926054191156745,0.46399999999999997,0.32353052317342756,0,0,0.0,0.0,0.0,0.0
2019/02/01,0.4257028112449799,0.3906806389256282,0.1473150884734963,0.5538839834120683,0.42725173210161654,0.41533775309084364,0.46221133659902025,0.3832072475950312,0.4330811618567293,0.5057439058559821,0.3543595482755113,0.4111303286193916,0.11131155721030209,0.08440486700188074,0.5666984968295009,0.5999256570603928,0.4305396096440872,0.5096481271282632,0.4161746287350151,0.5061478861377801,0.46221133659902025,0.4919524142757171,0.35454382638010956,0.13699644413856388,0.5603536292062351,0.40622387527058573,0.14083992798224676,0.49048063959011245,0.43386941341203855,0.29466448745652835,0.43331829183246506,0.4508921074471684,0.45874500415897423,0.2800386164736367,0,0,0.3852526047080944,0.1361165724777022,0.35312831389183463,0.16066028384177672,0.44986952174231154,0.49422239999999995,0.3572562208324674,0,0,0.0,0.0,0.0,0.0
2019/03/01,0.44606332305968055,0.42323735883609725,0.09177445975511458,0.5191663987204538,0.415704387990762,0.41533775309084364,0.46221133659902025,0.4257028112449799,0.36406089474175773,0.5651442981227235,0.3906806389256282,0.3354359548275512,0.1473150884734963,0.1235558285034353,0.5766531120242911,0.5801395023396161,0.4305396096440872,0.5102156640181611,0.4161746287350151,0.5061478861377801,0.46221133659902025,0.4919524142757171,0.38537715971344294,0.12116712548749714,0.5507866733308558,0.37998337896092566,0.15100029309550722,0.4489861668819396,0.4241661367983415,0.15919488807104026,0.12332321450547648,0.4183717426700188,0.45874500415897423,0.2800386164736367,0,0,0.3905997668865143,0.11546402483554533,0.3170731707317074,0.1132833167444755,0.4671365509840745,0.47555573333333334,0.3225574848376065,0,0,0.0,0.0,0.0,0.0
2019/04/01,0.493602316241711,0.48133075592634034,0.07995240471346868,0.5174618485815341,0.39376443418013846,0.41533775309084364,0.46221133659902025,0.44606332305968055,0.3832072475950312,0.5851312225646773,0.42323735883609725,0.3543595482755113,0.09177445975511458,0.11131155721030209,0.540508352735427,0.5774478506144225,0.41905855338691156,0.4370034052213393,0.4161746287350151,0.450395822806131,0.46221133659902025,0.46221133659902025,0.4268857985672145,0.10554829089240653,0.5415080717852764,0.35981338993871453,0.13317757400661556,0.4908438211779775,0.45864050598183237,0.21832108670695885,0.3538273782663987,0.3882681360296534,0.45874500415897423,0.2800386164736367,0,0,0.4331066930496289,0.12099161684073215,0.295157299399081,0.1043403344394824,0.5461429651488916,0.5564442666666667,0.32229296956184933,0,0,0.0,0.0,0.0,0.0
2019/05/01,0.49444288783039125,0.450503611761115,0.18443173530879362,0.5252096163834683,0.3735565819861431,0.41533775309084364,0.46221133659902025,0.493602316241711,0.4257028112449799,0.4330811618567293,0.48133075592634034,0.3906806389256282,0.07995240471346868,0.1473150884734963,0.5387337317468323,0.5875912887567238,0.3972445464982778,0.4370034052213393,0.4161746287350151,0.450395822806131,0.46221133659902025,0.46221133659902025,0.45273177412557947,0.12403475567790773,0.5316036345461305,0.3733349633312217,0.1695490516266801,0.41694417840416836,0.33298881107900746,0.4192614250261674,0.42157566558641346,0.3916876175827064,0.45874500415897423,0.2800386164736367,1,1,0.4371465332325062,0.17493207819409662,0.4054436196535879,0.18255879246629353,0.5727751627929665,0.5253333333333333,0.39478904906758366,0,0,0.0,0.0,0.0,0.0
2019/06/01,0.42813112916783413,0.3877301861837419,0.18489233485587073,0.5170743571352017,0.36951501154734406,0.41533775309084364,0.46221133659902025,0.49444288783039125,0.44606332305968055,0.36406089474175773,0.450503611761115,0.42323735883609725,0.18443173530879362,0.09177445975511458,0.5467999957082926,0.5507609218524512,0.3771526980482204,0.4256526674233825,0.4161746287350151,0.450395822806131,0.46221133659902025,0.46221133659902025,0.4459892541087232,0.1704140857994953,0.5308795447846314,0.38745420261614655,0.19185194489804458,0.31851903920896707,0.28641618921001166,0.23865199885201066,0.3080260081224105,0.43875720707455446,0.45874500415897423,0.2800386164736367,1,1,0.3734975470190329,0.15421834971189638,0.37256981265464834,0.1811928976714109,0.48617174353096115,0.5368890666666667,0.3837455363047216,0,0,0.0,0.0,0.0,0.0
2019/07/01,0.42532922387223315,0.41509817885848,0.1347253675200553,0.5036997188625887,0.3031177829099307,0.41533775309084364,0.46221133659902025,0.42813112916783413,0.493602316241711,0.3832072475950312,0.3877301861837419,0.48133075592634034,0.18489233485587073,0.07995240471346868,0.5383303112560754,0.5489526391743562,0.3731343283582089,0.40408626560726435,0.4161746287350151,0.450395822806131,0.46221133659902025,0.46221133659902025,0.4203192161820481,0.19769442532690978,0.5261270382379198,0.3967353118050127,0.2003659506762132,0.41114987000637515,0.4163824645649659,0.17336749164331294,0.27012142593428234,0.2505153560276576,0.45874500415897423,0.2800386164736367,0,0,0.3658844138219489,0.13020528524943786,0.2668787557440792,0.1419638639943402,0.5441309172499573,0.46844426666666666,0.3484610879135413,0,0,0.0,0.0,0.0,0.0
2019/08/01,0.3797515643971233,0.38925628242954524,0.1726480635627375,0.5541972743686774,0.3031177829099307,0.41533775309084364,0.46221133659902025,0.42532922387223315,0.49444288783039125,0.4257028112449799,0.41509817885848,0.450503611761115,0.1347253675200553,0.18443173530879362,0.5244058667639452,0.5571719071150567,0.3071182548794489,0.3842224744608399,0.4161746287350151,0.450395822806131,0.46221133659902025,0.46221133659902025,0.3771944795617363,0.19182553337921543,0.5361404093349907,0.3866095673466969,0.2095775237616715,0.34117493148852707,0.33571421792729317,0.29379294408616674,0.7315604873446282,0.4508921074471684,0.45874500415897423,0.2800386164736367,0,1,0.34256636799989193,0.1337194462607987,0.18416401555319906,0.1797690263387816,0.5078286954613077,0.4995557333333333,0.3652483609499877,0,0,0.0,0.0,0.0,1.0
2019/09/01,0.41514896796488276,0.4110285888696714,0.12263462940928108,0.5567097853956948,0.3031177829099307,0.41533775309084364,0.46221133659902025,0.3797515643971233,0.42813112916783413,0.44606332305968055,0.38925628242954524,0.3877301861837419,0.1726480635627375,0.18489233485587073,0.5769792817827751,0.5485415664494688,0.3071182548794489,0.380249716231555,0.4161746287350151,0.450395822806131,0.46221133659902025,0.46221133659902025,0.37231352718078387,0.16081670107822893,0.5498319001055164,0.37979815192815164,0.2207988946112297,0.4783823970180058,0.40760922548924033,0.17157586858898605,0.38358903884809453,0.4508921074471684,0.45874500415897423,0.2800386164736367,1,0,0.3764762016825174,0.12190434638653777,0.24248851184164016,0.1426084982252287,0.5606175157915275,0.5057776,0.3380977572883406,0,0,0.0,0.0,0.0,0.0
2019/10/01,0.3860091528906323,0.38060840370332694,0.15130695121483131,0.5504769442589432,0.3163972286374133,0.41533775309084364,0.46221133659902025,0.41514896796488276,0.42532922387223315,0.493602316241711,0.4110285888696714,0.41509817885848,0.12263462940928108,0.1347253675200553,0.5795950774116715,0.5343529977697117,0.3071182548794489,0.314982973893303,0.4161746287350151,0.450395822806131,0.46221133659902025,0.46221133659902025,0.3575294985250738,0.1690754760266116,0.5659904223643347,0.3560890917330705,0.24674454633002552,0.36722930523948016,0.3286285052191671,0.2816662516460141,0.32253763793740003,0.49456411953826046,0.45874500415897423,0.2800386164736367,0,0,0.34707834047406116,0.1264466777142838,0.23789324849770238,0.16300569832334283,0.5006340999439065,0.6284442666666666,0.3518619986018478,0,0,0.0,0.0,0.0,0.0
2019/11/01,0.41869804800597743,0.41184250686743307,0.05626991133458717,0.5604857658727216,0.36951501154734406,0.41533775309084364,0.46221133659902025,0.3860091528906323,0.3797515643971233,0.49444288783039125,0.38060840370332694,0.38925628242954524,0.15130695121483131,0.1726480635627375,0.5731060159007756,0.5879236454279091,0.3203214695752009,0.314982973893303,0.4161746287350151,0.450395822806131,0.46221133659902025,0.46221133659902025,0.37217340918668357,0.11111149346180316,0.5681626916488313,0.33939766638635643,0.20014236067495716,0.47293760208380314,0.4230091977088983,0.104547747070939,0.43616933995159374,0.6224965379270397,0.45874500415897423,0.2800386164736367,0,0,0.38120318304570877,0.09259955451489682,0.2530929657122658,0.09316302556440967,0.4971831329414921,0.7102223999999999,0.29282785723732685,0,0,0.0,0.0,0.0,0.0
2019/12/01,0.4569907537125245,0.4408383355376946,0.06087590680535829,0.5535294699611684,0.3920323325635103,0.41533775309084364,0.46221133659902025,0.41869804800597743,0.41514896796488276,0.42813112916783413,0.41184250686743307,0.4110285888696714,0.05626991133458717,0.12263462940928108,0.5835262813428753,0.5905890584685356,0.3731343283582089,0.314982973893303,0.4161746287350151,0.450395822806131,0.46221133659902025,0.46221133659902025,0.38790560471976404,0.08035099793530626,0.5670626732795928,0.3457571278449329,0.15504752334296357,0.47903553809940824,0.41703901240021296,0.24672010585136914,0.3176149649259548,0.5188460892569868,0.45874500415897423,0.2800386164736367,0,0,0.4142506224661935,0.10313041042100723,0.2972781901732061,0.09562479855180284,0.5216813403897276,0.7448890666666667,0.3030778241729174,0,0,0.0,0.0,0.0,0.0
2020/01/01,0.42280750910619225,0.4168277546037237,0.3070663647180747,0.5560502254870436,0.3920323325635103,0.41533775309084364,0.46221133659902025,0.4569907537125245,0.3860091528906323,0.42532922387223315,0.4408383355376946,0.38060840370332694,0.06087590680535829,0.15130695121483131,0.5762840251923221,0.5839769099575809,0.3955223880597014,0.32803632236095337,0.4161746287350151,0.450395822806131,0.46221133659902025,0.46221133659902025,0.40174146649810366,0.15793014452856163,0.5689893073942595,0.34520144674661063,0.21771469245907138,0.36262412365356766,0.3399218181802496,0.6936071344160448,0.38366082782951144,0.4508921074471684,0.45874500415897423,0.2800386164736367,1,1,0.38337368146498474,0.20862278883862154,0.2513255567338282,0.2813491910651263,0.47876984610882134,0.7244442666666666,0.46735125739225725,0,0,0.0,0.0,0.0,0.0
2020/02/01,0.3481834314000186,0.34581340929901305,0.06732430046443785,0.5612133428969519,0.3920323325635103,0.41533775309084364,0.46221133659902025,0.42280750910619225,0.41869804800597743,0.3797515643971233,0.4168277546037237,0.41184250686743307,0.3070663647180747,0.05626991133458717,0.578908404235915,0.5945948309791405,0.3955223880597014,0.380249716231555,0.4161746287350151,0.450395822806131,0.46221133659902025,0.46221133659902025,0.3752286135693215,0.16343599449415008,0.5692392144800865,0.33824555424250174,0.17941632123267592,0.29315588202846676,0.26923120060254013,0.0,0.4020695737785618,0.4508921074471684,0.45874500415897423,0.2800386164736367,0,0,0.3154751624341865,0.08176251757218925,0.21562389536938847,0.10161949146873217,0.3843987025339609,0.6426666666666666,0.28475069435259887,0,0,0.0,0.0,0.0,0.0
2020/03/01,0.12729989726347246,0.12880252314579307,0.08874217940352361,0.6234325146545965,0.3920323325635103,0.31445977423400817,0.4212736179146256,0.3481834314000186,0.4569907537125245,0.41514896796488276,0.34581340929901305,0.4408383355376946,0.06732430046443785,0.06087590680535829,0.5842837676898812,0.5872152009445928,0.3955223880597014,0.4023836549375709,0.4161746287350151,0.450395822806131,0.46221133659902025,0.46221133659902025,0.25126422250316055,0.17731532461573757,0.5933862196533769,0.27481517429246355,0.16709291127580284,0.0008815940157047009,0.009810256812870066,0.27681262028564674,0.7988370185010462,0.4508921074471684,0.2485530537304695,0.169050846071843,0,0,0.12054043846316778,0.03697509746024768,0.13361611876988336,0.12778110005412494,0.11346730727019977,0.608,0.20227861016116538,0,1,0.0,1.0,0.0,1.0
2020/04/01,0.0,0.0,0.0419145587840172,0.6568227350300511,0.2384526558891455,0.31445977423400817,0.4212736179146256,0.12729989726347246,0.42280750910619225,0.3860091528906323,0.12880252314579307,0.4168277546037237,0.08874217940352361,0.3070663647180747,0.6490606525541022,0.5898893602134079,0.3955223880597014,0.4023836549375709,0.315441044909644,0.450395822806131,0.4212736179146256,0.46221133659902025,0.09228824273072067,0.045251204404679946,0.6281980631132867,0.18975521630195463,0.12731566386132398,0.0,0.0,0.1591226111692609,0.5888952701316815,0.0,0.45874500415897423,0.2800386164736367,0,0,0.0,0.0,0.09932838458819372,0.09546181555757818,0.0,0.37155573333333336,0.0,0,1,1.0,0.0,0.0,0.0
2020/05/01,0.10273652750537032,0.122189439413979,0.03872874525006717,0.6462965711129247,0.2384526558891455,0.31445977423400817,0.4212736179146256,0.0,0.3481834314000186,0.41869804800597743,0.0,0.34581340929901305,0.0419145587840172,0.06732430046443785,0.6838234820767571,0.5953666856168278,0.2428243398392652,0.4023836549375709,0.315441044909644,0.450395822806131,0.4212736179146256,0.46221133659902025,0.0,0.031008832300986444,0.6575888451729485,0.12012960952906643,0.1209370682075116,1.0,1.0,0.23174243255562685,0.2972679164786479,0.4508921074471684,0.45874500415897423,0.2800386164736367,0,0,0.10056224708377157,0.02044021413847688,0.06362672322375398,0.09148048967875724,0.17154842328610104,0.37155573333333336,0.14712717516579438,0,1,0.0,0.0,0.0,0.0
2020/06/01,0.204445689735687,0.22138569539118932,0.04916900165048174,0.6473312557196211,0.2384526558891455,0.5393298691990681,0.5626312106368089,0.10273652750537032,0.12729989726347246,0.4569907537125245,0.122189439413979,0.12880252314579307,0.03872874525006717,0.08874217940352361,0.6728646073624239,0.6613722832028686,0.2428243398392652,0.4023836549375709,0.315441044909644,0.3555667845713323,0.4212736179146256,0.4212736179146256,0.029006531816266334,0.011298462950217913,0.6658443228372356,0.06447999980242447,0.11668048402629494,0.7775834951541618,0.6684536961227443,0.25900295860485534,0.37284120277310584,0.4508921074471684,0.9639256079782746,0.6773008720153207,0,0,0.2015016427104421,0.04412661167219694,0.1039236479321315,0.09996857914912335,0.34374314074579904,0.37155573333333336,0.22184329359306215,0,1,0.0,1.0,1.0,0.0
2020/07/01,0.23218455216213696,0.24580323532404105,0.03089855294975627,0.6312730330686849,0.2528868360277136,0.5393298691990681,0.5626312106368089,0.204445689735687,0.0,0.42280750910619225,0.22138569539118932,0.0,0.04916900165048174,0.0419145587840172,0.6739418259068913,0.6967945073686972,0.2428243398392652,0.25141884222474453,0.5399892646269456,0.3555667845713323,0.5626312106368089,0.4212736179146256,0.11630847029077124,0.00581211286992428,0.657018544387343,0.022474213309920665,0.016260101327303933,0.48771382071911906,0.42797256130439926,0.20280212800081035,0.2604914468556426,0.5029047339740703,0.45874500415897423,0.2800386164736367,0,0,0.22486427174327336,0.04428523891810127,0.12407211028632026,0.08325836250742444,0.3694729653927762,0.6302224,0.22169214200691517,0,0,0.0,0.0,0.0,0.0
2020/08/01,0.24619407864014198,0.26238681452843626,0.02706022339078032,0.6237932114796403,0.2528868360277136,0.5393298691990681,0.5626312106368089,0.23218455216213696,0.10273652750537032,0.3481834314000186,0.24580323532404105,0.122189439413979,0.03089855294975627,0.03872874525006717,0.6572234799309035,0.6856277605282721,0.2571756601607348,0.25141884222474453,0.5399892646269456,0.3555667845713323,0.5626312106368089,0.4212736179146256,0.1702486304256216,0.0,0.6492436572727235,0.0,0.0016195620315705428,0.44957780140410686,0.40846765531324924,0.23012068659891277,0.31636378553554584,0.4508921074471684,0.45874500415897423,0.2800386164736367,0,0,0.23661584636899316,0.04580700850053789,0.11947684694238248,0.07925757597257665,0.38909348096480745,0.6302224,0.22471517372985433,0,0,0.0,0.0,0.0,0.0
2020/09/01,0.21042308769963575,0.2348153423542578,0.08428971711511149,0.6023080474553355,0.2528868360277136,0.5393298691990681,0.5626312106368089,0.24619407864014198,0.204445689735687,0.12729989726347246,0.26238681452843626,0.22138569539118932,0.02706022339078032,0.04916900165048174,0.6494361769470941,0.6867254121660036,0.2571756601607348,0.25141884222474453,0.5399892646269456,0.5669530065689742,0.5626312106368089,0.5626312106368089,0.1724957859249895,0.017492544161504975,0.6336917470854854,0.01831648384758533,0.0,0.33213346728095117,0.31870350351524857,0.35820485278725056,0.2226586536489314,0.4508921074471684,0.45874500415897423,0.2800386164736367,0,0,0.19650180916420604,0.0557515249532008,0.07988688582538,0.12093500343602206,0.32209838304514316,0.6302224,0.24901279120297767,0,0,0.0,0.0,0.0,0.0
2020/10/01,0.2036985149901933,0.2324753281106928,0.06778490001151496,0.6031634142118671,0.2528868360277136,0.5393298691990681,0.5626312106368089,0.21042308769963575,0.23218455216213696,0.0,0.2348153423542578,0.24580323532404105,0.08428971711511149,0.03089855294975627,0.6270677982468377,0.6696899462106967,0.2571756601607348,0.26560726447219063,0.5399892646269456,0.5669530065689742,0.5626312106368089,0.5626312106368089,0.1617857142857143,0.03586487726542781,0.6239816820242049,0.06320316812316856,0.009407528367458062,0.39852735723888266,0.3689169031302924,0.20983461778708173,0.3718156458957214,0.4508921074471684,0.45874500415897423,0.2800386164736367,0,0,0.1902360959655567,0.04936518649636431,0.06256627783669141,0.10824543941553161,0.3116357339706851,0.608,0.2343699812949912,0,0,0.0,0.0,0.0,0.0
2020/11/01,0.22704772578686838,0.248143249567606,0.04471653936206957,0.6168966881848086,0.2528868360277136,0.5393298691990681,0.5626312106368089,0.2036985149901933,0.24619407864014198,0.10273652750537032,0.2324753281106928,0.26238681452843626,0.06778490001151496,0.02706022339078032,0.6279583275216464,0.6617549306861419,0.2571756601607348,0.26560726447219063,0.5399892646269456,0.5669530065689742,0.5626312106368089,0.5626312106368089,0.15458596713021494,0.04465875200734115,0.6216000888558527,0.09059701142356852,0.01158480927856631,0.476440547076437,0.40764546071799246,0.19638161782084612,0.45891619149198015,0.4508921074471684,0.45874500415897423,0.2800386164736367,0,0,0.21618875534185808,0.047527823440400734,0.09650053022269353,0.09221310229210036,0.35497402629075925,0.608,0.22907967577984772,0,0,0.0,0.0,0.0,0.0
2020/12/01,0.29522742131315965,0.3100010173974972,0.021686562008213978,0.6042908494307173,0.2528868360277136,0.5393298691990681,0.5626312106368089,0.22704772578686838,0.21042308769963575,0.204445689735687,0.248143249567606,0.2348153423542578,0.04471653936206957,0.08428971711511149,0.6422561505530936,0.6389622600253642,0.2571756601607348,0.26560726447219063,0.5399892646269456,0.5669530065689742,0.5626312106368089,0.5626312106368089,0.18647281921618208,0.013477861894930054,0.6222835954153797,0.11060153096316822,0.0015910898965790787,0.5826565171080982,0.5020503100268918,0.1928822551237465,0.2815358739795709,0.4508921074471684,0.45874500415897423,0.2800386164736367,0,0,0.2786777348072321,0.05338485073812884,0.13962530929657124,0.07256716460268839,0.45934443821183824,0.608,0.23819600581933606,0,0,0.0,0.0,0.0,0.0
2021/01/01,0.33987111235640244,0.3606674127581646,0.07292826162054275,0.5938017857584528,0.3683602771362586,0.5393298691990681,0.5626312106368089,0.29522742131315965,0.2036985149901933,0.23218455216213696,0.3100010173974972,0.2324753281106928,0.021686562008213978,0.06778490001151496,0.6291321094814545,0.6398696811999827,0.2571756601607348,0.26560726447219063,0.5399892646269456,0.5669530065689742,0.5626312106368089,0.5626312106368089,0.23767383059418462,0.01603980270704286,0.6190497550056177,0.13433034870841182,0.016873927061089478,0.5090624545412831,0.4652991606368083,0.3479847933619205,0.29513475817368834,0.8582898698163215,0.45874500415897423,0.2800386164736367,0,0,0.318278185156323,0.08210468733822374,0.13255567338282082,0.11081627316274176,0.4082871984976709,0.7857776,0.28648893759328886,0,0,1.0,0.0,0.0,0.0
2021/02/01,0.4100121415896143,0.43229219656119644,0.05964764134648601,0.5875091720049797,0.3972286374133948,0.5393298691990681,0.5626312106368089,0.33987111235640244,0.22704772578686838,0.24619407864014198,0.3606674127581646,0.248143249567606,0.07292826162054275,0.04471653936206957,0.6182118601332575,0.6544387108059648,0.3719862227324914,0.26560726447219063,0.5399892646269456,0.5669530065689742,0.5626312106368089,0.5626312106368089,0.3064686051411715,0.023476714842853852,0.6088996825966414,0.17042986254919318,0.028723359711929075,0.5495786800692388,0.4907268010418491,0.214479859540129,0.3232042499076999,0.5381363460466656,0.45874500415897423,0.2800386164736367,0,0,0.38305662493068693,0.0922352378384394,0.14916931778013434,0.09964504574267741,0.4735263273419018,0.8302224,0.2934324635819147,0,0,0.0,0.0,0.0,0.0
2021/03/01,0.4392453535070514,0.4657645742191474,0.07753425709131387,0.5878039128391579,0.5011547344110854,0.8222540763304066,0.8425472358292513,0.4100121415896143,0.29522742131315965,0.21042308769963575,0.43229219656119644,0.3100010173974972,0.05964764134648601,0.021686562008213978,0.6116605688658091,0.6410657279048411,0.4006888633754304,0.26560726447219063,0.5399892646269456,0.5669530065689742,0.5626312106368089,0.5626312106368089,0.3606194690265487,0.05129272768983717,0.6032030826145834,0.22085236541095082,0.026267219361051808,0.4647757793027499,0.4220006505086305,0.2712979454367424,0.36804159658694674,0.7541064201070383,0.9999999999999999,0.9784653410859783,0,0,0.4110208450464068,0.10708197291322119,0.143513609049134,0.11344589430836624,0.4230787991122602,0.9902224,0.31145729022993934,0,0,1.0,1.0,1.0,0.0
2021/04/01,0.43364154291584944,0.45955844948621427,0.11419030437953406,0.6228224217390947,0.5011547344110854,0.8222540763304066,0.8425472358292513,0.4392453535070514,0.33987111235640244,0.2036985149901933,0.4657645742191474,0.3606674127581646,0.07753425709131387,0.07292826162054275,0.6119674259412248,0.629938339091267,0.5040183696900113,0.3791146424517593,0.8225084988370012,0.5669530065689742,0.8425472358292513,0.5626312106368089,0.395877581120944,0.07184388621243404,0.6132292694596454,0.2715218376497405,0.043141146422141285,0.40675459175753526,0.3654805956036315,0.3021411900259986,0.6053144357386061,0.4508921074471684,0.45874500415897423,0.2800386164736367,0,0,0.4191382769302757,0.12291064662888035,0.1438670908448215,0.1477136769895987,0.43305367899909764,0.8124442666666667,0.33581158954786783,0,0,0.0,0.0,0.0,0.0
2021/05/01,0.46838516858130197,0.49465866313968865,0.1327678194449776,0.595778404359691,0.5011547344110854,0.8222540763304066,0.8425472358292513,0.43364154291584944,0.4100121415896143,0.22704772578686838,0.45955844948621427,0.43229219656119644,0.11419030437953406,0.05964764134648601,0.648425479866528,0.6232627804259414,0.5040183696900113,0.4074914869466515,0.8225084988370012,0.5669530065689742,0.8425472358292513,0.5626312106368089,0.4178255372945639,0.10826278963064923,0.6160850453036691,0.3247029884529468,0.07515806221998911,0.47174847527192243,0.42214990514134765,0.267017781172975,0.18545145013742464,0.4508921074471684,0.45874500415897423,0.2800386164736367,0,0,0.4420276126507011,0.14117298896364086,0.1534110993283846,0.15738886647760097,0.46116137843572425,0.768,0.35481890150584766,0,0,0.0,0.0,0.0,0.0
2021/06/01,0.5116279069767442,0.5578390477159425,0.06030015737151187,0.6034396049236146,0.5306004618937643,0.8222540763304066,0.8425472358292513,0.46838516858130197,0.4392453535070514,0.29522742131315965,0.49465866313968865,0.4657645742191474,0.1327678194449776,0.07753425709131387,0.6202697338068518,0.6235754580837014,0.5040183696900113,0.5096481271282632,0.8225084988370012,0.8329122452417047,0.8425472358292513,0.8425472358292513,0.44504108723135266,0.09967882541867407,0.621486883081931,0.3723890706171888,0.08919901184943269,0.4816705572006119,0.45613423599314296,0.1309668011614951,0.4180990277720803,0.5272840554807839,0.45874500415897423,0.2800386164736367,0,0,0.4867745518446278,0.11485609214443548,0.0975609756097561,0.10246967887890404,0.4915372045947858,0.6533333333333333,0.31139116141100004,0,0,0.0,0.0,0.0,0.0
2021/07/01,0.530400672457271,0.5691321599348865,0.0,0.6232428911808596,0.5306004618937643,0.8222540763304066,0.8425472358292513,0.5116279069767442,0.43364154291584944,0.33987111235640244,0.5578390477159425,0.45955844948621427,0.06030015737151187,0.11419030437953406,0.628245871913994,0.6607250623168761,0.5332950631458093,0.5096481271282632,0.8225084988370012,0.8329122452417047,0.8425472358292513,0.8425472358292513,0.4814233038348083,0.042804542326221606,0.6216321282258307,0.41437386471264487,0.06268056776786834,0.44253285963519773,0.38734079146367034,0.12625244791842521,0.49994872215613084,0.4508921074471684,0.45874500415897423,0.2800386164736367,0,0,0.5136754721604001,0.08628879238987863,0.1293743372216331,0.05788126161811297,0.5235714459917568,0.6533333333333333,0.27229958244374325,0,0,0.0,0.0,0.0,0.0
2021/08/01,0.48911926776874937,0.520704039068064,0.11925689939738224,0.6145140280148069,0.5306004618937643,0.8222540763304066,0.8425472358292513,0.530400672457271,0.46838516858130197,0.4100121415896143,0.5691321599348865,0.49465866313968865,0.0,0.1327678194449776,0.6488632340160724,0.6320352472996023,0.5332950631458093,0.5096481271282632,0.8225084988370012,0.8329122452417047,0.8425472358292513,0.8425472358292513,0.4892193426042985,0.03607478779536594,0.6281040809613522,0.43180496334357016,0.08435623665368674,0.3583040200882375,0.3172730747230809,0.5186384719924367,0.30775936333429055,0.4508921074471684,0.45874500415897423,0.2800386164736367,0,0,0.46974915491106295,0.13999477332914018,0.14139271827500885,0.15023950796974672,0.4712582006194669,0.6533333333333333,0.3488200729306403,0,0,0.0,0.0,0.0,0.0
2021/09/01,0.5240496871205753,0.5605860209583885,0.08551798257398383,0.6046247516344718,0.5883371824480368,0.8222540763304066,0.8425472358292513,0.48911926776874937,0.5116279069767442,0.4392453535070514,0.520704039068064,0.5578390477159425,0.11925689939738224,0.06030015737151187,0.6397755437056746,0.640162679844317,0.5332950631458093,0.5385925085130532,0.8225084988370012,0.8329122452417047,0.8425472358292513,0.8425472358292513,0.49388959123472403,0.048635008029364546,0.6285120489390695,0.4504931361035888,0.08725871959134113,0.4673190267123963,0.4238572746104066,0.18623805584630448,0.2996369528654059,0.5961239385612866,0.45874500415897423,0.2800386164736367,0,0,0.4992576308784882,0.13113379446891985,0.13503004595263346,0.12225670632451047,0.461441845718606,0.6968890666666666,0.3306535416706029,0,0,0.0,0.0,0.0,0.0
2021/10/01,0.6085738302045391,0.6605961949333604,0.07910797221049401,0.631095776343235,0.6056581986143186,0.8222540763304066,0.8425472358292513,0.5240496871205753,0.530400672457271,0.43364154291584944,0.5605860209583885,0.5691321599348865,0.08551798257398383,0.0,0.6294797377766809,0.6611711199545196,0.5907003444316876,0.5385925085130532,0.8225084988370012,0.8329122452417047,0.8425472358292513,0.8425472358292513,0.523282764433207,0.08803624684560679,0.6312247155971923,0.48904011647075823,0.07450236569945146,0.5343231007897247,0.4922883668523579,0.2271399238612959,0.5448988800918899,0.4920086351035945,0.45874500415897423,0.2800386164736367,0,0,0.5938128402677905,0.14749011832540565,0.10745846588900673,0.12138624739764403,0.5534229202741263,0.7235557333333333,0.3368696506508965,0,0,0.0,0.0,0.0,0.0
2021/11/01,0.5853180162510507,0.6368908332485502,0.1080489770851725,0.6219649938578484,0.6056581986143186,0.8222540763304066,0.8425472358292513,0.6085738302045391,0.48911926776874937,0.46838516858130197,0.6605961949333604,0.520704039068064,0.07910797221049401,0.11925689939738224,0.6570389365149191,0.6519110508593169,0.6079219288174511,0.5385925085130532,0.8225084988370012,0.8329122452417047,0.8425472358292513,0.8425472358292513,0.559453223767383,0.0824541179169534,0.6337985449854114,0.5148076664234018,0.06551438261524933,0.3866107054607085,0.3492532523274664,0.28839116892325356,0.30539032694753254,0.4508921074471684,0.45874500415897423,0.2800386164736367,0,0,0.5666258810133744,0.1589602800698292,0.10180275715800637,0.14273377619840139,0.5233763383167086,0.7235557333333333,0.35422374213539404,0,0,0.0,0.0,0.0,0.0
2021/12/01,0.5210609881386009,0.5611964594567096,0.18013280620274055,0.6408819964878436,0.6056581986143186,0.8222540763304066,0.8425472358292513,0.5853180162510507,0.5240496871205753,0.5116279069767442,0.6368908332485502,0.5605860209583885,0.1080489770851725,0.08551798257398383,0.647532804738045,0.6414199501464994,0.6079219288174511,0.5953461975028375,0.8225084988370012,0.8329122452417047,0.8425472358292513,0.8425472358292513,0.5583301727770753,0.1295790318880477,0.6463238026887438,0.5168859137311268,0.10908763555667211,0.33283639938649645,0.2928272364685146,0.35250500135057566,0.4924108791073553,0.4508921074471684,0.45874500415897423,0.2800386164736367,0,1,0.5123232736434861,0.18103272150647712,0.12159773771650761,0.203360612037632,0.46336853400970657,0.6346666666666666,0.3957620874034047,0,0,0.0,0.0,0.0,0.0
2022/01/01,0.6363126926309891,0.6782989113846779,0.3080259471078187,0.620532512181247,0.6056581986143186,0.8208206414621034,0.8425472358292513,0.5210609881386009,0.6085738302045391,0.530400672457271,0.5611964594567096,0.6605961949333604,0.18013280620274055,0.07910797221049401,0.6672274497602008,0.6695019023046311,0.6079219288174511,0.612372304199773,0.8225084988370012,0.8329122452417047,0.8425472358292513,0.8425472358292513,0.5687600084281501,0.24359600825877498,0.6426755864272685,0.5402245198606599,0.22109199011849434,0.578141154624561,0.5124015070404186,0.40491630651315125,0.2317348320137835,0.4508921074471684,0.4564351069595434,0.2800386164736367,0,1,0.6155882190038771,0.29682036807057777,0.15093672675857195,0.2996604520953653,0.5774821354535035,0.608,0.4984506962419937,0,0,0.0,0.0,0.0,0.0
2022/02/01,0.7355001400952648,0.7639637806490995,0.6054581046328639,0.6321160330769293,0.6056581986143186,0.8208206414621034,0.8425472358292513,0.6363126926309891,0.5853180162510507,0.48911926776874937,0.6782989113846779,0.6368908332485502,0.3080259471078187,0.1080489770851725,0.6460414364344494,0.6598154545852102,0.6079219288174511,0.612372304199773,0.8210771157631062,0.8329122452417047,0.8425472358292513,0.8425472358292513,0.6252286135693217,0.49133975682495995,0.646180693502843,0.5945170328605105,0.3978846878532848,0.5355600660365661,0.4612149327103175,0.532867525407705,0.44349181605611854,0.4508921074471684,0.45874500415897423,0.2800386164736367,1,3,0.7188329014905115,0.5459531781093293,0.22870272180982681,0.5383502634283595,0.6915835426676097,0.608,0.7137472367600658,1,0,0.0,0.0,0.0,0.0
2022/03/01,0.9234145885869058,0.9354969986773832,1.0,0.6572638157189614,0.6633949191685911,0.8208206414621034,0.8425472358292513,0.7355001400952648,0.5210609881386009,0.5240496871205753,0.7639637806490995,0.5611964594567096,0.6054581046328639,0.18013280620274055,0.6581011340836668,0.6798836751650852,0.6079219288174511,0.612372304199773,0.8210771157631062,0.8329122452417047,0.8425472358292513,0.8425472358292513,0.7765139064475348,0.8996902959394355,0.6518409821989261,0.682520865825242,0.730408240170833,0.617944685101061,0.5326526861951544,0.48893055508660566,0.5329408869015876,0.5856683565314531,0.45874500415897423,0.2800386164736367,1,3,0.9206603022829684,1.0,0.34393778720395907,0.8665566599027372,0.8513157573836061,0.6968890666666666,1.0,1,1,0.0,0.0,0.0,0.0
2022/04/01,0.8050807882693565,0.8671278868653983,0.509423099067286,0.6568989966444887,0.7211316397228635,0.8208206414621034,0.8425472358292513,0.9234145885869058,0.6363126926309891,0.6085738302045391,0.9354969986773832,0.6782989113846779,1.0,0.3080259471078187,0.6842826947630439,0.6582957974373551,0.6653272101033294,0.612372304199773,0.8210771157631062,0.8315647633484927,0.8425472358292513,0.8425472358292513,0.8399705014749261,1.0,0.6644025511882335,0.7258220067002792,0.886879370263367,0.3102117485338496,0.3204902453901456,0.026649601580173543,0.36365221315174145,0.5785957491341776,0.45874500415897423,0.2800386164736367,1,2,0.8024593946919873,0.5180979015248702,0.13361611876988336,0.4716200793427163,0.6767187766748775,0.7857776,0.6525969731894874,1,0,0.0,0.0,0.0,0.0
2022/05/01,0.886896422900906,0.9461796723980057,0.32180555022454227,0.6800124491932757,0.7211316397228635,0.8208206414621034,0.8425472358292513,0.8050807882693565,0.7355001400952648,0.5853180162510507,0.8671278868653983,0.7639637806490995,0.509423099067286,0.6054581046328639,0.6839028786627038,0.6705842480430313,0.7227324913892077,0.612372304199773,0.8210771157631062,0.8315647633484927,0.8425472358292513,0.8425472358292513,0.8968952802359882,0.8587216104611148,0.680947681844784,0.7922777615189605,0.9646057865427291,0.4974884821645622,0.43978697136467915,0.10314283181956307,0.5170139885958076,0.4508921074471684,0.45874500415897423,0.2800386164736367,0,1,0.8995409615826179,0.41108209250653754,0.16861081654294807,0.32713443867156694,0.7733092700534108,0.7857776,0.5280575131785289,0,0,0.0,0.0,0.0,0.0
2022/06/01,0.9744092649668441,0.9999999999999999,0.27747284381837034,0.69643342979397,0.7251732101616628,0.8208206414621034,0.8425472358292513,0.886896422900906,0.9234145885869058,0.5210609881386009,0.9461796723980057,0.9354969986773832,0.32180555022454227,1.0,0.7079664817656083,0.6972624305768138,0.7227324913892077,0.6691259931895571,0.8210771157631062,0.8315647633484927,0.8425472358292513,0.8425472358292513,0.9160693215339233,0.4988529479238358,0.6944789757654207,0.8921768745284429,1.0,0.49642236847115195,0.4155844267888772,0.19522465982374987,0.4717356524592854,0.45938605094905827,0.45874500415897423,0.2800386164736367,0,1,0.9999999999999999,0.4087475313115788,0.3128313891834571,0.29516220254083186,0.8692046923395849,0.7031109333333333,0.5022861677404727,0,0,0.0,0.0,0.0,0.0
2022/07/01,0.8737274680115812,0.8655000508698748,0.22554024488542593,0.7273812173827012,0.7251732101616628,0.8208206414621034,0.8425472358292513,0.9744092649668441,0.8050807882693565,0.6363126926309891,0.9999999999999999,0.8671278868653983,0.27747284381837034,0.509423099067286,0.7250624979882622,0.6968754099794463,0.7267508610792193,0.7258796821793415,0.8210771157631062,0.8315647633484927,0.8425472358292513,0.8425472358292513,0.9418805309734515,0.35745985317733436,0.7188246250325733,0.9444936325120368,0.9700071180337477,0.32994363851325953,0.27460781835452375,0.18344774538271938,0.5632255814907495,0.4508921074471684,0.45874500415897423,0.2800386164736367,0,1,0.9176594904481205,0.32781552288025,0.3990809473312125,0.2594596019079551,0.7875643245616175,0.6142224,0.4605588829897784,0,0,0.0,0.0,0.0,0.0
2022/08/01,0.7665078920332493,0.7846169498423033,0.28572525237016866,0.7256292613753472,0.7251732101616628,0.8208206414621034,0.8425472358292513,0.8737274680115812,0.886896422900906,0.7355001400952648,0.8655000508698748,0.9461796723980057,0.22554024488542593,0.32180555022454227,0.757282490906945,0.7213954607075699,0.7267508610792193,0.7258796821793415,0.8210771157631062,0.8315647633484927,0.8425472358292513,0.8425472358292513,0.8966150442477876,0.33948956182610696,0.7345837231456681,0.9513260403276296,0.8537453418749739,0.31557746360617833,0.30642925114723324,0.30865191444103046,0.3550785576568077,0.4508921074471684,0.45874500415897423,0.2800386164736367,0,1,0.8049489417133668,0.3341780534083818,0.2743018734535172,0.3095991713003975,0.6758164036777797,0.6142224,0.4947663763296616,0,0,0.0,0.0,0.0,0.0
2022/09/01,0.6666666666666667,0.6888798453555804,0.28238590565385957,0.7410320463670614,0.6096997690531176,0.8208206414621034,0.8425472358292513,0.7665078920332493,0.9744092649668441,0.9234145885869058,0.7846169498423033,0.9999999999999999,0.28572525237016866,0.27747284381837034,0.7554585152838428,0.7388157607031969,0.7267508610792193,0.7298524404086265,0.8210771157631062,0.8315647633484927,0.8425472358292513,0.8425472358292513,0.7809028655710073,0.3419362239045653,0.7499882522310083,0.894749060590232,0.5928065988359921,0.3118118953685561,0.2872539131890194,0.2346029096464868,0.4624235960126349,0.20906053090797574,0.45874500415897423,0.2800386164736367,0,1,0.7092750823701706,0.29269772069534655,0.22905620360551432,0.3107939744943777,0.6772675170109504,0.4302224,0.4837606514633363,0,0,0.0,0.0,0.0,0.0
2022/10/01,0.7000093396843187,0.7223522230135313,0.32526004682762066,0.7830315846751255,0.6096997690531176,0.8208206414621034,0.8425472358292513,0.6666666666666667,0.8737274680115812,0.8050807882693565,0.6888798453555804,0.8655000508698748,0.28238590565385957,0.22554024488542593,0.7714944797914228,0.7716469147680063,0.6119402985074627,0.7298524404086265,0.8210771157631062,0.8315647633484927,0.8425472358292513,0.8425472358292513,0.7155847029077118,0.3916035788024776,0.7692118742177053,0.8715956814934731,0.5258418121676507,0.45454030681033813,0.40761095097632377,0.2827045067022318,0.6264306518439513,0.4508921074471684,0.45874500415897423,0.2800386164736367,0,1,0.7675320176625774,0.33460244357936153,0.23895369388476495,0.3589651796157736,0.741396970953345,0.4302224,0.5165794396054944,0,0,0.0,0.0,0.0,0.0
2022/11/01,0.6821705426356589,0.6899989826025028,0.22377461328829693,0.7704381126693212,0.6096997690531176,0.8208206414621034,0.8425472358292513,0.7000093396843187,0.7665078920332493,0.886896422900906,0.7223522230135313,0.7846169498423033,0.32526004682762066,0.28572525237016866,0.8152205401113698,0.7697883412778241,0.6119402985074627,0.7298524404086265,0.8210771157631062,0.8315647633484927,0.8425472358292513,0.8425472358292513,0.6838737884534345,0.3607478779536591,0.7846911618329938,0.8264830202379054,0.4901955365741324,0.39573027323556714,0.34258769572415676,0.14062183458824323,0.2898839069614801,0.4508921074471684,0.45874500415897423,0.2800386164736367,0,1,0.7414964980425672,0.26011740077215206,0.28384588193708027,0.26786092928686833,0.7127283369509549,0.4302224,0.44464073157367695,0,0,0.0,0.0,0.0,0.0
2022/12/01,0.5841038572896237,0.6093193610743717,0.20258703412274978,0.7867890150297212,0.6096997690531176,0.8208206414621034,0.8425472358292513,0.6821705426356589,0.6666666666666667,0.9744092649668441,0.6899989826025028,0.6888798453555804,0.22377461328829693,0.28238590565385957,0.8021093741617756,0.7861284820920977,0.6119402985074627,0.6163450624290577,0.8210771157631062,0.8315647633484927,0.8425472358292513,0.8425472358292513,0.6528308048883271,0.32100252351456754,0.8004972510220559,0.7404759346864787,0.46296528911778245,0.30357782678776624,0.29283413841684836,0.21310712597494683,0.4656335890388481,0.4508921074471684,0.45874500415897423,0.2800386164736367,0,1,0.6445266213830954,0.2138237139150699,0.19300106044538712,0.2531575927979355,0.605992244469917,0.608,0.41955901524741623,0,0,0.0,0.0,0.0,0.0
2023/01/01,0.5988605585131223,0.626411639027368,0.17598741027904655,0.7716850931216146,0.6096997690531176,0.8745744490234725,0.8950314905528342,0.5841038572896237,0.7000093396843187,0.8737274680115812,0.6093193610743717,0.7223522230135313,0.20258703412274978,0.32526004682762066,0.8191324313595055,0.8306839550443872,0.6119402985074627,0.6163450624290577,0.8210771157631062,0.8315647633484927,0.8425472358292513,0.8425472358292513,0.6147987779182471,0.24665462261986698,0.7965777680947684,0.6799066949693573,0.444947452162626,0.43477229393105987,0.3928856442062889,0.20517935223013808,0.27491077655166757,0.4508921074471684,0.545466138414141,0.38719304148755185,0,1,0.6530634996422342,0.20286043958295152,0.18946624248851185,0.22688732888305968,0.61538180133161,0.608,0.4028756589264459,0,0,0.0,0.0,0.0,0.0
2023/02/01,0.5997011301018026,0.6132872113134601,0.2401642805051242,0.789379848795891,0.6096997690531176,0.8745744490234725,0.8950314905528342,0.5988605585131223,0.6821705426356589,0.7665078920332493,0.626411639027368,0.6899989826025028,0.17598741027904655,0.22377461328829693,0.8034076156346898,0.8173240914855469,0.6119402985074627,0.6163450624290577,0.8747539810341743,0.8315647633484927,0.8950314905528342,0.8425472358292513,0.5837895069532237,0.2548176187198899,0.8031202074442408,0.6431490077387854,0.4283800192605618,0.41677527943991927,0.35967778254203936,0.3226546409156903,0.4737457439389589,0.4508921074471684,0.45874500415897423,0.2800386164736367,0,1,0.6626278938084625,0.24134844786146661,0.23824673029338989,0.2865091029245717,0.6259176157842109,0.608,0.4474275889432615,0,0,0.0,0.0,0.0,0.0
2023/03/01,0.5608480433361352,0.5771696001627836,0.18024795608950986,0.7825163034964917,0.8458429561200924,0.8745744490234725,0.8950314905528342,0.5997011301018026,0.5841038572896237,0.6666666666666667,0.6132872113134601,0.6093193610743717,0.2401642805051242,0.20258703412274978,0.8218297694280227,0.8346700485415663,0.6119402985074627,0.6163450624290577,0.8747539810341743,0.8315647633484927,0.8950314905528342,0.8425472358292513,0.5750453013063632,0.24369121358109663,0.8016442604672621,0.6198313940063,0.39124063141146415,0.3665351597852542,0.3340603385578207,0.1699910524361009,0.3246810518111335,1.0,0.45874500415897423,0.2800386164736367,0,1,0.6174420397483766,0.19352191796673646,0.2166843407564511,0.23281107149155794,0.4163719727824794,0.9715557333333333,0.40121299147882933,0,0,1.0,0.0,0.0,0.0
2023/04/01,0.6188474829550761,0.6399430257401567,0.18573676735884545,0.7763741518471801,0.6158198614318706,0.8745744490234725,0.8950314905528342,0.5608480433361352,0.5988605585131223,0.7000093396843187,0.5771696001627836,0.626411639027368,0.18024795608950986,0.17598741027904655,0.8146840766928102,0.8186469584991474,0.8467278989667049,0.6163450624290577,0.8747539810341743,0.8820953343439449,0.8950314905528342,0.8950314905528342,0.5825611040876528,0.248547258545538,0.8032654525881403,0.6019471065685211,0.34050747393543523,0.4930121714646664,0.4465655473719538,0.2452165352669075,0.3288858350084096,0.014478644668407592,0.45874500415897423,0.2800386164736367,0,1,0.6767949300872192,0.21498919507607736,0.21809826793920117,0.23629047461702035,0.6360876033460967,0.6174224,0.41186917830218983,0,0,1.0,0.0,0.0,0.0
2023/05/01,0.5332025777528719,0.5598738427103469,0.19210839442674552,0.7831593744074268,0.6158198614318706,0.8745744490234725,0.8950314905528342,0.6188474829550761,0.5997011301018026,0.6821705426356589,0.6399430257401567,0.6132872113134601,0.18573676735884545,0.2401642805051242,0.8082894327435813,0.8374185507499892,0.6180252583237658,0.6163450624290577,0.8747539810341743,0.8820953343439449,0.8950314905528342,0.8950314905528342,0.5575568900126422,0.22461229639825647,0.8011166788416272,0.569119936973415,0.3289930075786124,0.3099374097537687,0.2884643423780491,0.24625690059762975,0.4072178693030316,0.4508921074471684,0.45874500415897423,0.2800386164736367,0,1,0.5879699220737293,0.19134266198111866,0.17214563449982329,0.2432545514622858,0.5388752042533473,0.6174224,0.40575698603737226,0,0,0.0,0.0,0.0,0.0
2023/06/01,0.5273185766321099,0.5463424559975583,0.20001535331823592,0.7816650589893892,0.6158198614318706,0.8745744490234725,0.8950314905528342,0.5332025777528719,0.5608480433361352,0.5841038572896237,0.5598738427103469,0.5771696001627836,0.19210839442674552,0.18024795608950986,0.8153535830391726,0.8301373157825687,0.6180252583237658,0.8484676503972758,0.8747539810341743,0.8820953343439449,0.8950314905528342,0.8950314905528342,0.5449504846186262,0.2344574443679744,0.8008219166378311,0.5566072334860839,0.32805761420257085,0.4075600347951392,0.3578936288977675,0.24807648478914138,0.35699634901751653,0.4508921074471684,0.45874500415897423,0.2800386164736367,0,1,0.5809703824247117,0.19371902546950062,0.19688936019794984,0.24980306221531184,0.5312050337780163,0.25386666666666663,0.41042379125965955,0,0,0.0,0.0,0.0,0.0
2023/07/01,0.5765387129915008,0.6055549903347237,0.18819329827659007,0.7802490663105042,0.6158198614318706,0.8745744490234725,0.8950314905528342,0.5273185766321099,0.6188474829550761,0.5988605585131223,0.5463424559975583,0.6399430257401567,0.20001535331823592,0.18573676735884545,0.8137978391253501,0.8236213757816944,0.6180252583237658,0.6223609534619751,0.8747539810341743,0.8820953343439449,0.8950314905528342,0.8950314905528342,0.529042351453856,0.2356813489332416,0.8021611623029045,0.5516888383424896,0.33249591759829167,0.48445787825801706,0.4453999808470934,0.22335620167471384,0.3574578496123395,0.4508921074471684,0.45874500415897423,0.2800386164736367,0,1,0.6332558317112849,0.2030138069376304,0.17744786143513613,0.2392363314230807,0.5884325537155819,0.608,0.4086761010448353,0,0,0.0,0.0,0.0,0.0
2023/08/01,0.6329504062762679,0.6596805371858785,0.1639734387594519,0.7937638610637052,0.6158198614318706,0.8745744490234725,0.8950314905528342,0.5765387129915008,0.5332025777528719,0.5997011301018026,0.6055549903347237,0.5598738427103469,0.18819329827659007,0.19210839442674552,0.8123236376511483,0.8308195215813183,0.6180252583237658,0.6223609534619751,0.8747539810341743,0.8820953343439449,0.8950314905528342,0.8950314905528342,0.5665476190476191,0.22166781371874283,0.8058243302703695,0.5590151849121467,0.30479169283590835,0.4893188490267807,0.43426109897997833,0.20707596144106424,0.4478811994913238,0.4508921074471684,0.45874500415897423,0.2800386164736367,0,1,0.7008045045272734,0.20593138554947313,0.2028985507246377,0.22090723145815044,0.6623539740994562,0.608,0.3983127704196346,0,0,0.0,0.0,0.0,0.0
2023/09/01,0.7036518165686,0.741479295960932,0.1543392315664223,0.7990774405777743,0.6158198614318706,0.8745744490234725,0.8950314905528342,0.6329504062762679,0.5273185766321099,0.5608480433361352,0.6596805371858785,0.5463424559975583,0.1639734387594519,0.20001535331823592,0.8263940001931268,0.829234267722045,0.6180252583237658,0.6223609534619751,0.8747539810341743,0.8820953343439449,0.8950314905528342,0.8950314905528342,0.6328487147071218,0.19891832989217711,0.8118391879942072,0.5904827880866912,0.29537076581668964,0.5014971477553523,0.4591495246714457,0.22496475841577473,0.39795709070025026,0.4508921074471684,0.45874500415897423,0.2800386164736367,0,0,0.7803710413274141,0.22061451032350546,0.18628490632732414,0.21351056044662203,0.7494329683193914,0.608,0.3985111568764525,0,0,0.0,0.0,0.0,0.0
2023/10/01,0.6745120014943494,0.7029199308169701,0.5353318235903735,0.8020908049104234,0.6158198614318706,0.8745744490234725,0.8950314905528342,0.7036518165686,0.5765387129915008,0.6188474829550761,0.741479295960932,0.6055549903347237,0.1543392315664223,0.18819329827659007,0.831926010965312,0.827732103030568,0.6180252583237658,0.6223609534619751,0.8747539810341743,0.8820953343439449,0.8950314905528342,0.8950314905528342,0.6696871049304678,0.3718169304886442,0.8193833916449865,0.6027497570438753,0.42249047439601384,0.38320831881095124,0.33736119534843195,0.7689961635209508,0.3840813061492391,0.4508921074471684,0.45874500415897423,0.2800386164736367,1,2,0.750314930032468,0.46105327383934963,0.20996818663838812,0.5489822685043472,0.7165451308440847,0.608,0.659729438660797,1,0,0.0,0.0,0.0,0.0
2023/11/01,0.6029700196133371,0.6220368297893987,0.3772310290561548,0.8031172450182615,0.6158198614318706,0.8745744490234725,0.8950314905528342,0.6745120014943494,0.6329504062762679,0.5332025777528719,0.7029199308169701,0.6596805371858785,0.5353318235903735,0.1639734387594519,0.8350632490370481,0.8420693575895397,0.6180252583237658,0.6223609534619751,0.8747539810341743,0.8820953343439449,0.8950314905528342,0.8950314905528342,0.6584144542772861,0.4780339527414544,0.8226150960967503,0.6181236007641231,0.4898044634258678,0.33316736325285734,0.29383578366878244,0.12824612975655875,0.3721643352340321,0.4508921074471684,0.45874500415897423,0.2800386164736367,1,2,0.6729168995837971,0.3245139722089495,0.22021915871332626,0.410330364907572,0.6318440114137991,0.608,0.5427475579571863,1,0,0.0,0.0,0.0,0.0
2023/12/01,0.5533762958811992,0.5631295147013938,0.3218823168157219,0.8028699100525174,0.6158198614318706,0.8745744490234725,0.8950314905528342,0.6029700196133371,0.7036518165686,0.5273185766321099,0.6220368297893987,0.741479295960932,0.3772310290561548,0.1543392315664223,0.8361318841668187,0.8477063016574102,0.6180252583237658,0.6223609534619751,0.8747539810341743,0.8820953343439449,0.8950314905528342,0.8950314905528342,0.6019100294985251,0.5614819912824043,0.8239244383498444,0.6238656387801194,0.5341179918770673,0.3532058097338523,0.30962657871283844,0.1895089813282912,0.3645547032038397,0.4508921074471684,0.45874500415897423,0.2800386164736367,1,1,0.6187676081073199,0.2704893525959778,0.23718628490632737,0.3615814215603797,0.5725800551179183,0.608,0.4983562265006518,0,0,0.0,0.0,0.0,0.0
2024/01/01,0.5766321098346876,0.5860209583884424,0.39131769853759657,0.7999410518331644,0.6158198614318706,0.9104103207310518,0.9125262421273618,0.5533762958811992,0.6745120014943494,0.5765387129915008,0.5631295147013938,0.7029199308169701,0.3218823168157219,0.5353318235903735,0.8358743817259101,0.850903048060524,0.6180252583237658,0.6223609534619751,0.8747539810341743,0.8820953343439449,0.8950314905528342,0.8950314905528342,0.5651074589127687,0.4897533838036247,0.8231811249663586,0.623885396330282,0.607978059707742,0.44702479104855014,0.40092210029738773,0.30513461441064255,0.34852524921032124,0.4508921074471684,0.5148810127609502,0.314579605596244,1,2,0.6427112121055539,0.3204206694900287,0.24566984800282787,0.4217180921259347,0.5987854547228252,0.608,0.5493887807735183,1,0,0.0,0.0,0.0,0.0
2024/02/01,0.6080134491454189,0.6175602808017092,0.3384639005104979,0.7965731740496151,0.6158198614318706,0.9104103207310518,0.9125262421273618,0.5766321098346876,0.6029700196133371,0.6329504062762679,0.5860209583884424,0.6220368297893987,0.39131769853759657,0.3772310290561548,0.832825123654818,0.8519919534700662,0.6180252583237658,0.6223609534619751,0.9105385578815531,0.8820953343439449,0.9125262421273618,0.8950314905528342,0.5670037926675096,0.4704444826795136,0.8209212814039225,0.6183903276913179,0.6714265377046433,0.45665300830533806,0.4099929858950059,0.19275827649660668,0.3458690568978956,0.4508921074471684,0.45874500415897423,0.2800386164736367,1,1,0.6751728002719575,0.3035151022550538,0.25486037469070344,0.3743472064836419,0.6343072458112822,0.608,0.5164566289417499,0,0,0.0,0.0,0.0,0.0
2024/03/01,0.6260390398804521,0.6585613999389561,0.2870686677158102,0.7980757339665108,0.5003464203233257,0.9104103207310518,0.9125262421273618,0.6080134491454189,0.5533762958811992,0.7036518165686,0.6175602808017092,0.5631295147013938,0.3384639005104979,0.3218823168157219,0.8293187987511129,0.8517295666243934,0.6180252583237658,0.6223609534619751,0.9105385578815531,0.8820953343439449,0.9125262421273618,0.8950314905528342,0.5943246944795617,0.4531050699701766,0.8192659139550679,0.6012876983318454,0.7196893187622997,0.43828109669124,0.4189318717307412,0.18987089340581423,0.37504615005948233,0.18394133581255884,0.45874500415897423,0.2800386164736367,1,1,0.6954988580196322,0.2796877950037677,0.1806291975963238,0.32971054301311764,0.7733946296612442,0.4302224,0.4828442949723204,0,0,1.0,0.0,0.0,0.0
2024/04/01,0.6683478098440272,0.6999694780750838,0.4050589183587303,0.8058131961448722,0.5003464203233257,0.9104103207310518,0.9125262421273618,0.6260390398804521,0.5766321098346876,0.6745120014943494,0.6585613999389561,0.5860209583884424,0.2870686677158102,0.39131769853759657,0.8308831260796327,0.848622469060218,0.5032146957520092,0.6223609534619751,0.9105385578815531,0.9157823816742464,0.9125262421273618,0.9125262421273618,0.6288105773282766,0.4599489561826106,0.8212929380956654,0.5999293667581689,0.672319222878198,0.46749085456041845,0.4171252867543847,0.3598007478812844,0.4124071871025967,0.4508921074471684,0.45874500415897423,0.2800386164736367,1,2,0.745587802013978,0.372931547775592,0.19688936019794984,0.43567503137017205,0.8349632953686317,0.4302224,0.5688967823606099,1,0,0.0,0.0,0.0,0.0
2024/05/01,0.5918557952741197,0.6457421914742089,0.2767435612021649,0.8056173892969913,0.5003464203233257,0.9104103207310518,0.9125262421273618,0.6683478098440272,0.6080134491454189,0.6029700196133371,0.6999694780750838,0.6175602808017092,0.4050589183587303,0.3384639005104979,0.8389386607727217,0.845049634844973,0.5032146957520092,0.6223609534619751,0.9105385578815531,0.9157823816742464,0.9125262421273618,0.9125262421273618,0.6227349346818374,0.4292079605414086,0.8244178446475029,0.5974806653848956,0.635780262111125,0.32680778028685487,0.3200467952097028,0.13048407586858898,0.36486237026705504,0.4508921074471684,0.45874500415897423,0.2800386164736367,1,1,0.6620191643277997,0.26010272844399684,0.0957935666313185,0.3225924026409732,0.7322391044557717,0.4302224,0.47184801708012925,0,0,0.0,0.0,0.0,0.0
2024/06/01,0.5965256374334548,0.6431986977312035,0.20984147698921432,0.8071158269644578,0.5003464203233257,0.9104103207310518,0.9125262421273618,0.5918557952741197,0.6260390398804521,0.5533762958811992,0.6457421914742089,0.6585613999389561,0.2767435612021649,0.2870686677158102,0.8387348046736692,0.8466436349324356,0.5032146957520092,0.5088535754824063,0.9105385578815531,0.9157823816742464,0.9125262421273618,0.9125262421273618,0.6116382216603455,0.3907432897453544,0.8275406152413417,0.6069889864006313,0.5950399866013483,0.4216811597598705,0.3712290558220954,0.16760433197150285,0.3749743610780654,0.4508921074471684,0.45874500415897423,0.2800386164736367,0,1,0.6678454371454698,0.2222215455110704,0.12230470130788265,0.26399879992621167,0.7393971172841014,0.608,0.42604908647760126,0,0,0.0,0.0,0.0,0.0
2024/07/01,0.6236107219575979,0.6638518669244073,0.13038805511841248,0.8097849834697797,0.5003464203233257,0.9104103207310518,0.9125262421273618,0.5965256374334548,0.6683478098440272,0.5766321098346876,0.6431986977312035,0.6999694780750838,0.20984147698921432,0.4050589183587303,0.8402948402948401,0.8548519700878996,0.5032146957520092,0.5088535754824063,0.9105385578815531,0.9157823816742464,0.9125262421273618,0.9125262421273618,0.5948166877370418,0.25393840330351,0.8289119002763928,0.6173407078389317,0.5001607838211282,0.45013233673181474,0.39587936429604875,0.14149126768410036,0.3819481478442795,0.4508921074471684,0.45874500415897423,0.2800386164736367,0,0,0.6987727053566483,0.18250549104960298,0.1530576175326971,0.19444073926167083,0.777418725459113,0.608,0.37405294084304797,0,0,0.0,0.0,0.0,0.0
2024/08/01,0.5788736340711684,0.611761115067657,0.31689248838905315,0.8158859126248008,0.5003464203233257,0.9104103207310518,0.9125262421273618,0.6236107219575979,0.5918557952741197,0.6080134491454189,0.6638518669244073,0.6457421914742089,0.13038805511841248,0.2767435612021649,0.8430737208029785,0.8546442471684086,0.5032146957520092,0.5088535754824063,0.9105385578815531,0.9157823816742464,0.9125262421273618,0.9125262421273618,0.5899357353560892,0.2739355356733196,0.8324597265119379,0.6109195040360971,0.4923167106309927,0.3607896661170128,0.31992342288323716,0.5155179035688963,0.4023464741354556,0.4508921074471684,0.45874500415897423,0.2800386164736367,0,1,0.6527465164355859,0.27835012161422185,0.1647225167903853,0.36080299531930676,0.7208374996951443,0.608,0.4981106051731631,0,0,0.0,0.0,0.0,0.0
2024/09/01,0.5196600354908004,0.546240716247838,0.2761294284727288,0.8139381497695661,0.5003464203233257,0.9104103207310518,0.9125262421273618,0.5788736340711684,0.5965256374334548,0.6260390398804521,0.611761115067657,0.6431986977312035,0.31689248838905315,0.20984147698921432,0.8494254476787225,0.8562338741417763,0.5032146957520092,0.5088535754824063,0.9105385578815531,0.9157823816742464,0.9125262421273618,0.9125262421273618,0.5610335018963337,0.30695113558155546,0.8348156881843077,0.5874784056150959,0.48833898588954505,0.3386853802813876,0.301466750295274,0.1983156844042273,0.3544734790991509,0.4508921074471684,0.45874500415897423,0.2800386164736367,0,1,0.5868947431945951,0.23184437808984007,0.1682573347472605,0.32418493299250156,0.639892203009536,0.608,0.46206095187711377,0,0,0.0,0.0,0.0,0.0
2024/10/01,0.5346969272438591,0.5640451724488756,0.27739607722719073,0.8183489566586692,0.5003464203233257,0.9104103207310518,0.9125262421273618,0.5196600354908004,0.6236107219575979,0.6683478098440272,0.546240716247838,0.6638518669244073,0.2761294284727288,0.13038805511841248,0.8473976159565678,0.8590654655179955,0.5032146957520092,0.5088535754824063,0.9105385578815531,0.9157823816742464,0.9125262421273618,0.9125262421273618,0.5276021913190057,0.38017148428538655,0.8377739900122604,0.5580273074040183,0.4419185194489803,0.436945525690704,0.3954195219883133,0.2393927052030928,0.39222422775567134,0.4508921074471684,0.45874500415897423,0.2800386164736367,0,1,0.6053596596541153,0.2383453268081153,0.16330858960763522,0.3264399365096097,0.6625978586932665,0.608,0.4650461957035162,0,0,0.0,0.0,0.0,0.0
2024/11/01,0.5227421313159615,0.5432902635059518,0.27052546731662386,0.8251012012234835,0.5003464203233257,0.9104103207310518,0.9125262421273618,0.5346969272438591,0.5788736340711684,0.5918557952741197,0.5640451724488756,0.611761115067657,0.27739607722719073,0.31689248838905315,0.8519897428194371,0.8655376743779244,0.5032146957520092,0.5088535754824063,0.9105385578815531,0.9157823816742464,0.9125262421273618,0.9125262421273618,0.5064970501474928,0.35707731130993353,0.8409587033880567,0.5427979407693342,0.43965749696436784,0.3991863560878313,0.34947670290477123,0.2308313215383057,0.40602822332526567,0.4508921074471684,0.45874500415897423,0.2800386164736367,0,1,0.5951953108825906,0.23003026928982054,0.19017320607988691,0.32205561287889994,0.6500987732604933,0.608,0.4586128063181363,0,0,0.0,0.0,0.0,0.0
2024/12/01,0.5181656859998132,0.5450198392511955,0.3222277664760297,0.8382099544079211,0.5003464203233257,0.9104103207310518,0.9125262421273618,0.5227421313159615,0.5196600354908004,0.5965256374334548,0.5432902635059518,0.546240716247838,0.27052546731662386,0.2761294284727288,0.8590195594562405,0.8634713779682512,0.5032146957520092,0.5088535754824063,0.9105385578815531,0.9157823816742464,0.9125262421273618,0.9125262421273618,0.5059344711335862,0.3800378527185135,0.849342338532255,0.5255298419272503,0.48052338483440105,0.40927636068617884,0.3760207334527946,0.2931883504406253,0.44337900479960624,0.4508921074471684,0.45874500415897423,0.2800386164736367,0,1,0.5958860573389952,0.25582394535028385,0.16684340756451044,0.37178204876110627,0.6509523693388289,0.608,0.49377444404557225,0,0,0.0,0.0,0.0,0.0
2025/01/01,0.568693378163818,0.6021975785939566,0.21037884312747093,0.8649344974565718,0.5003464203233257,0.9999999999999999,0.9999999999999999,0.5181656859998132,0.5346969272438591,0.6236107219575979,0.5450198392511955,0.5640451724488756,0.3222277664760297,0.27739607722719073,0.8726671888243939,0.8681506100494161,0.5032146957520092,0.5088535754824063,0.9105385578815531,0.9157823816742464,0.9125262421273618,0.9125262421273618,0.5187178676780448,0.3466586373021335,0.8654346460931192,0.5134283424526775,0.5096093455596031,0.4872207919506463,0.4430714360279978,0.1300757377519668,0.5225314845961357,0.4508921074471684,0.5964142975970692,0.4508693423564225,0,1,0.664626035588059,0.21319917104114286,0.15942028985507248,0.277350431681948,0.7354461868643758,0.608,0.423073289625333,0,0,0.0,0.0,0.0,0.0
2025/02/01,0.5329223872233119,0.5593651439617459,0.30150078685755966,0.8813925783021277,0.5003464203233257,0.9999999999999999,0.9999999999999999,0.568693378163818,0.5227421313159615,0.5788736340711684,0.6021975785939566,0.5432902635059518,0.21037884312747093,0.27052546731662386,0.9004903275645632,0.8753137709362837,0.5032146957520092,0.5088535754824063,1.0,0.9157823816742464,0.9999999999999999,0.9125262421273618,0.5225453013063632,0.3620864877265428,0.8848804077116627,0.5033025979943615,0.5040128962023196,0.3685394925806492,0.32596866688005194,0.34866852230138096,0.4609570496779752,0.4508921074471684,0.45874500415897423,0.2800386164736367,0,1,0.63160941822283,0.25077361926471153,0.17285259809119835,0.3648139176125018,0.694863790454357,0.608,0.481493377671132,0,0,0.0,0.0,0.0,0.0
2025/03/01,0.5076118427197162,0.5258927663037948,0.4432886807661306,0.8702150989752087,0.5003464203233257,0.9999999999999999,0.9999999999999999,0.5329223872233119,0.5181656859998132,0.5196600354908004,0.5593651439617459,0.5450198392511955,0.30150078685755966,0.3222277664760297,0.9176249691533532,0.8892202737569423,0.5032146957520092,0.5088535754824063,1.0,0.9157823816742464,0.9999999999999999,0.9125262421273618,0.5185766961651919,0.42238300068823126,0.8959361263120121,0.5006476771912667,0.5647950424988486,0.38063871144734696,0.3342423774451231,0.3803395220650302,0.30214956721499775,0.4508921074471684,0.45874500415897423,0.2800386164736367,0,2,0.5979539703769006,0.31487369893822176,0.19335454224107462,0.4913823755379554,0.6534887691144552,0.608,0.5760953766508587,1,0,0.0,0.0,0.0,0.0
2025/04/01,0.4646492948538339,0.4780750839352935,0.31685410509346335,0.8507457149217186,0.5580831408775981,0.9999999999999999,0.9999999999999999,0.5076118427197162,0.568693378163818,0.5346969272438591,0.5258927663037948,0.6021975785939566,0.4432886807661306,0.21037884312747093,0.905988004677961,0.9175711724318887,0.5032146957520092,0.5088535754824063,1.0,1.0,0.9999999999999999,0.9999999999999999,0.47945638432364096,0.47541523285157156,0.8910341027054044,0.4852120911267607,0.5791433237030523,0.35396146174731347,0.3145028052106259,0.13813171067292435,0.2540612052344423,0.600811427152874,0.45874500415897423,0.2800386164736367,0,1,0.5414484171029212,0.23059972172407053,0.19688936019794984,0.3704352091919165,0.53320488744726,0.6968890666666666,0.4817106580762182,0,0,0.0,0.0,0.0,0.0
2025/05/01,0.4302792565611283,0.464136738223624,0.4116224619045792,0.8439316366154683,0.5580831408775981,0.9999999999999999,0.9999999999999999,0.4646492948538339,0.5329223872233119,0.5227421313159615,0.4780750839352935,0.5593651439617459,0.31685410509346335,0.30150078685755966,0.8857182708711094,0.9350308304543666,0.5606199770378875,0.5088535754824063,1.0,1.0,0.9999999999999999,0.9999999999999999,0.4408628318584072,0.5302632484514798,0.8780944691503586,0.4648371175216129,0.6304484361261149,0.36297656600093137,0.35532265314344924,0.3304579084647331,0.32641424293391313,0.4508921074471684,0.45874500415897423,0.2800386164736367,0,2,0.5003568490053176,0.2602904235098313,0.11523506539413221,0.45387804250126185,0.48562300319488816,0.6968890666666666,0.5412077011733142,1,0,0.0,0.0,0.0,0.0
2025/06/01,0.49556364994863167,0.5251805880557534,0.6293325144896942,0.8569229056911774,0.5580831408775981,0.9999999999999999,0.9999999999999999,0.4302792565611283,0.5076118427197162,0.5181656859998132,0.464136738223624,0.5258927663037948,0.4116224619045792,0.4432886807661306,0.8786240786240785,0.9231731315870031,0.5606199770378875,0.5088535754824063,1.0,1.0,0.9999999999999999,0.9999999999999999,0.43633270122208173,0.6229261298462949,0.8735021594535367,0.4598569800337607,0.7421178243939202,0.5215951482064003,0.45718764585758004,0.41869059577269807,0.44186118062107727,0.4508921074471684,0.45874500415897423,0.2800386164736367,0,3,0.5786829508473522,0.40452328498478235,0.15022976316719688,0.6555930128136256,0.576323683632905,0.6968890666666666,0.7031477317815105,1,0,0.0,0.0,0.0,0.0
2025/07/01,0.4918277762211638,0.5274188625495981,0.29017771465858067,0.863001162474339,0.5580831408775981,0.9999999999999999,0.9999999999999999,0.49556364994863167,0.4646492948538339,0.568693378163818,0.5251805880557534,0.4780750839352935,0.6293325144896942,0.31685410509346335,0.8921493943328002,0.902518913718459,0.5606199770378875,0.5656072644721907,1.0,1.0,0.9999999999999999,0.9999999999999999,0.4465518331226295,0.6096392521220464,0.877735628206607,0.44291858531001455,0.7711342796131138,0.4102438686258946,0.37670834005554343,0.028434366242360787,0.40124912827665427,0.4508921074471684,0.45874500415897423,0.2800386164736367,0,1,0.5770451900215147,0.22828786111229535,0.12831389183457054,0.3495527089841335,0.5744213838011853,0.608,0.46763466661628283,0,0,0.0,0.0,0.0,0.0
2025/08/01,0.46222097693097974,0.491504730898362,0.3076037308563314,0.891817747108242,0.5580831408775981,0.9999999999999999,0.9999999999999999,0.4918277762211638,0.4302792565611283,0.5329223872233119,0.5274188625495981,0.464136738223624,0.29017771465858067,0.4116224619045792,0.8984775168181282,0.8952901561201734,0.5606199770378875,0.5656072644721907,1.0,1.0,0.9999999999999999,0.9999999999999999,0.4585619469026549,0.5578309245239734,0.8942764869471608,0.42733975700682997,0.7733534313109744,0.37214494850534174,0.32939289599712884,0.2559293437890401,0.5324281084628955,0.4508921074471684,0.45874500415897423,0.2800386164736367,0,1,0.5552577977722178,0.22505690371796797,0.14103923647932132,0.37326795093482096,0.5491915225715192,0.608,0.4748899427513368,0,0,0.0,0.0,0.0,0.0
2025/09/01,0.46334173904922005,0.48234815342354254,0.25889532875292676,0.9073153438368247,0.5580831408775981,0.9999999999999999,0.9999999999999999,0.46222097693097974,0.49556364994863167,0.5076118427197162,0.491504730898362,0.5251805880557534,0.3076037308563314,0.6293325144896942,0.928478697037649,0.9090720251891371,0.5606199770378875,0.5656072644721907,1.0,1.0,0.9999999999999999,0.9999999999999999,0.44644648124736624,0.3733275980729525,0.9116845446351144,0.4175844666140622,0.7063049030691286,0.41743623087805004,0.3619528372615485,0.18974005638653477,0.4540858185994996,0.4508921074471684,0.45874500415897423,0.2800386164736367,0,1,0.5627897694828019,0.2016318397272386,0.17709437963944857,0.3320510923306771,0.5579225910299247,0.608,0.44133429062671226,0,0,0.0,0.0,0.0,0.0
2025/10/01,0.43111982814980865,0.4511140502594363,0.3688250873219975,0.9082985003256576,0.5580831408775981,0.9999999999999999,0.9999999999999999,0.46334173904922005,0.4918277762211638,0.4646492948538339,0.48234815342354254,0.5274188625495981,0.25889532875292676,0.29017771465858067,0.944613370814244,0.9155201819215466,0.5606199770378875,0.5656072644721907,1.0,1.0,0.9999999999999999,0.9999999999999999,0.42361989043404974,0.4124994264739619,0.9273325729322858,0.4101951428532619,0.7252020265460788,0.3661700256082071,0.33251343938752115,0.35809828392477294,0.37156951224514917,0.4508921074471684,0.45874500415897423,0.2800386164736367,0,2,0.5259267013884491,0.24078148695463922,0.16366207140332273,0.4349047137357769,0.5152305928834475,0.608,0.5117236949005234,0,0,0.0,0.0,0.0,0.0
2025/11/01,0.42420846175399274,0.44266965103265843,0.1762560933481749,0.9180950260938388,0.5580831408775981,0.9999999999999999,0.9999999999999999,0.43111982814980865,0.46222097693097974,0.4302792565611283,0.4511140502594363,0.491504730898362,0.3688250873219975,0.3076037308563314,0.9456369430168557,0.9460904359994755,0.5606199770378875,0.5656072644721907,1.0,1.0,0.9999999999999999,0.9999999999999999,0.40932680151706696,0.34707903188804773,0.9364082584680055,0.4088578036766331,0.639618138424821,0.4045159482602918,0.3621642094292693,0.06675378583246111,0.4211962095417812,0.4508921074471684,0.45874500415897423,0.2800386164736367,0,1,0.5216408224996212,0.1490049669983351,0.16684340756451044,0.25716851509113053,0.5102675413994099,0.608,0.3770098437470478,0,0,0.0,0.0,0.0,0.0
2025/12/01,0.41244045951246844,0.4214060433411333,0.2800829079184739,0.9426347769450834,0.5580831408775981,0.9999999999999999,0.9999999999999999,0.42420846175399274,0.46334173904922005,0.49556364994863167,0.44266965103265843,0.48234815342354254,0.1762560933481749,0.25889532875292676,0.9558361855305085,0.9625311584379237,0.5606199770378875,0.5656072644721907,1.0,1.0,0.9999999999999999,0.9999999999999999,0.39018857985672145,0.35763191098875896,0.9486088505555629,0.3905413198290478,0.5126240422057529,0.3964293001627483,0.34390165413819257,0.3748290677651349,0.5034663822455594,0.4508921074471684,0.45874500415897423,0.2800386164736367,0,1,0.5170598242649109,0.1921980863962049,0.19618239660657477,0.3609457067968368,0.5049630514840379,0.608,0.4466151491677216,0,0,0.0,0.0,0.0,0.0
2026/01/01,0.4503595778462688,0.442466171533218,0.4198364871607877,0.9605150338436679,0.5580831408775981,0.9462461924386311,0.947515745276417,0.41244045951246844,0.43111982814980865,0.4918277762211638,0.4214060433411333,0.4511140502594363,0.2800829079184739,0.3688250873219975,0.9813847193759856,0.9635741461494731,0.5606199770378875,0.5656072644721907,1.0,1.0,0.9999999999999999,0.9999999999999999,0.3974220396123051,0.38303911447579714,0.9666470158530803,0.3814034528788603,0.5597705480885986,0.4790892343019152,0.4047311130340706,0.3842540812708917,0.4648439102432621,0.4508921074471684,0.3798896929894475,0.18282132962682274,1,2,0.5687946317903418,0.2740959769583544,0.26652527394839165,0.49975451193282827,0.5648733019535157,0.608,0.5505696525402913,1,0,0.0,0.0,0.0,0.0
2026/02/01,0.4904268235733632,0.48794383965815447,0.24258242812727907,0.9572852514159926,0.5580831408775981,0.9462461924386311,0.947515745276417,0.4503595778462688,0.42420846175399274,0.46222097693097974,0.442466171533218,0.44266965103265843,0.4198364871607877,0.1762560933481749,1.0,0.9739668517951632,0.5606199770378875,0.5656072644721907,0.9463231347289319,1.0,0.947515745276417,0.9999999999999999,0.42232090181205223,0.41607421426932795,0.9801847176477122,0.3876184372518729,0.5361277896411674,0.47859718182803346,0.4381555233272913,0.09286579498261133,0.3483509045411659,0.4508921074471684,0.45874500415897423,0.2800386164736367,1,1,0.6150965571153214,0.20339639481518676,0.2601626016260163,0.32878697271251134,0.6184791356729996,0.608,0.4344474464828915,0,0,0.0,0.0,0.0,0.0
2026/03/01,0.791538246007285,0.7613185471563739,0.9167850151614018,1.0,0.6273672055427251,0.8430388819208027,0.8876836948915324,0.4904268235733632,0.41244045951246844,0.46334173904922005,0.48794383965815447,0.4214060433411333,0.24258242812727907,0.2800829079184739,0.9966374472924692,1.0,0.5606199770378875,0.5656072644721907,0.9463231347289319,1.0,0.947515745276417,0.9999999999999999,0.564861989043405,0.7331956870841936,0.9999999999999999,0.4599397147750665,0.7753498304233135,0.8597181828033518,0.7332785203603163,0.9999999999999999,0.6002379291955533,0.6203572323860194,0.30310662334764094,0.16567347696061938,1,3,0.9987677410747907,0.8134280593603639,0.4499823259102157,0.9999999999999999,0.9745628368655954,0.7146666666666667,0.9337956052676328,1,1,0.0,1.0,0.0,0.0
